Location,Gen,Donor,Recipient,Segment,Plant_ID,Leaf area (mm^2),Bright-max,Area notes,Dry weight (mg),Weight notes
1,G1,BB_144,BB_207,1L,,,,,,
1,G2,BB_168,BB_046,1R,,,,,,
1,G1,BB_091,BB_098,2L,,,,,,
1,G1,BB_171,BB_157,2R,,,,,,
1,G2,BB_107,BB_123,3L,,,,,,
1,G1,BB_091,BB_139,3R,,,,,,
2,G1,BB_005,BB_166,4L,,,,,,
2,G1,BB_169,BB_181,4R,5,68.91,156,,5.49,
2,G2,BB_213,BB_132,5L,2,34.78,150,,3.60,
2,G1,BB_173,BB_044,5R,,,,,,
2,G1,BB_142,BB_150,6L,,,,,,
2,G2,BB_174,BB_002,6R,,,,,,
3,G2,BB_162,BB_154,7L,,,,,,
3,G2,BB_066,BB_052,7R,2,14.045,133,,0.99,
3,G1,BB_023,BB_206,8L,,,,,,
3,G1,BB_174,BB_068,8R,,,,,,
3,G2,BB_213,BB_147,9L,,,,,,
3,G1,BB_026,BB_053,9R,,,,,,
4,G2,BB_108,BB_069,10L,4,24.907,143,,1.59,
4,G1,BB_142,BB_086,10R,,,,,,
4,G2,BB_217,BB_054,11L,,,,,,
4,G1,BB_011,BB_215,11R,5,55.751,136,,4.02,
4,G1,BB_125,BB_051,12L,4,55.099,148,,2.47,
4,G2,BB_177,BB_134,12R,3,48.769,134,,3.67,
5,G1,BB_215,BB_148,13L,2,36.941,152,,2.29,
5,G1,BB_215,BB_004,13R,1,78.605,162,,4.11,
5,G2,BB_051,BB_143,14L,2,33.486,141,,3.05,
5,G2,BB_194,BB_159,14R,1,151.785,180,,11.8,
5,G1,BB_176,BB_017,15L,4,53.029,144,,4.36,
5,G1,BB_196,BB_088,15R,,,,,,
6,G1,BB_065,BB_013,16L,2,74.938,165,,6.43,
6,G1,BB_107,BB_179,16R,5,90.96,162,,5.36,
6,G1,BB_005,BB_166,17L,1,36.473,175,,2.64,
6,G1,BB_215,BB_210,17R,,,,,,
6,G1,BB_169,BB_076,18L,5,27.005,115,,1.67,
6,G2,BB_217,BB_205A,18R,,,,,,
7,G1,BB_202,BB_025,19L,,,,,,
7,G2,BB_130,BB_120,19R,,,,,,
7,G1,BB_142,BB_086,20L,4,69.729,137,,3.15,
7,G1,BB_073,BB_092,20R,,,,,,
7,G2,BB_065,BB_133,21L,,,,,,
7,G1,BB_162,BB_154,21R,,,,,,
8,G2,BB_051,BB_105,22L,,,,,,
8,G1,BB_014,BB_152,22R,,,,,,
8,G1,BB_115,BB_020,23L,,,,,,
8,G2,BB_011,BB_116,23R,3,54.753,126,,2.73,
8,G2,BB_066,BB_019,24L,4,77.459,154,,2.97,
8,G1,BB_005,BB_195,24R,1,77.501,103,,3.78,
9,G1,BB_023,BB_190,25L,,,,,,
9,G1,BB_141,BB_029,25R,5,29.856,130,Leaf is folded,2.06,
9,G1,BB_174,BB_010,26L,3,152.581,154,,10.31,
9,G1,BB_169,BB_181,26R,3,70.446,118,,4.22,
9,G2,BB_213,BB_132,27L,2,87.894,181,,6.27,
9,G1,BB_115,BB_020,27R,1,14.644,154,,1.2,
10,G2,BB_038,BB_149,28L,4,62.576,150,Leaf is folded,4.91,
10,G2,BB_141,BB_029,28R,3,95.313,179,,4.16,
10,G1,BB_141,BB_029,29L,3,23.572,159,,2.57,
10,G1,BB_100,BB_135,29R,5,192.126,178,,11.11,
10,G2,BB_171,BB_039,30L,2,61.324,135,,5.31,
10,G1,BB_091,BB_094,30R,2,114.456,134,,10.6,
11,G1,BB_194,BB_159,31L,5,140.763,148,,10.75,
11,G1,BB_015,BB_063,31R,1,242.238,169,,18.07,
11,G1,BB_065,BB_192,32L,1,81.173,161,,6.6,
11,G1,BB_215,BB_004,32R,2,74.268,134,,4.7,
11,G1,BB_196,BB_088,33L,5,133.361,167,,7,
11,G1,BB_198,BB_045,33R,5,33.419,191,,12.17,
12,G2,BB_168,BB_058,34L,5,64.445,127,,4.67,
12,G1,BB_175,BB_172,34R,3,113.394,147,,6.5,
12,G1,BB_182,BB_103,35L,1,143.685,153,,4,
12,G1,BB_055,BB_183,35R,2,166.6,156,,7.3,
12,G2,BB_188,BB_009,36L,,,,,,
12,G2,BB_215,BB_148,36R,1,180.174,188,,8.4,
13,G1,BB_099,BB_032,37L,3,127.516,162,,8.36,
13,G1,BB_125,BB_024,37R,4,71.991,134,,5.38,
13,G1,BB_196,BB_089,38L,4,175.965,148,,10.15,
13,G1,BB_202,BB_018,38R,2,153.112,146,,6.17,
13,G1,BB_014,BB_102,39L,2,154.851,153,,8.66,
13,G1,BB_107,BB_179,39R,4,250.424,182,,11.76,
14,G1,BB_130,BB_048,40L,5,37.429,136,,11.85,
14,G1,BB_023,BB_078,40R,4,194.695,116,alt method,11.92,
14,G2,BB_057,BB_200,41L,4,78.971,160,,5.71,
14,G1,BB_144,BB_207,41R,2,113.382,133,,8.41,
14,G1,BB_057,BB_121,42L,4,218.897,141,,11.45,
14,G1,BB_188,BB_009,42R,1,165.344,148,,9.19,
15,G1,BB_108,BB_189,43L,5,62.28,170,leaf folded,3.89,
15,G1,BB_202,BB_101,43R,5,86.632,175,,3.64,
15,G1,BB_162,BB_154,44L,2,52.459,139,,3.8,
15,G1,BB_057,BB_200,44R,,,,,,
15,G2,BB_171,BB_157,45L,,,,,,
15,G2,BB_182,BB_103,45R,,,,,,
16,G1,BB_047,BB_071,46L,5,64.772,178,,3.15,
16,G1,BB_177,BB_117,46R,1,53.938,159,,3.51,70.805
16,G1,BB_142,BB_093,47L,4,154.953,189,,6.6,
16,G1,BB_107,BB_123,47R,1,111.234,197,,4.93,
16,G1,BB_055,BB_119,48L,,,,,,
16,G1,BB_073,BB_064,48R,2,59.337,129,,3.49,
17,G1,BB_217,BB_205A,49L,2,150.797,166,broken leaf,11.69,
17,G2,BB_169,BB_076,49R,,,,,,
17,G1,BB_107,BB_151,50L,3,43.901,175,,2.4,
17,G2,BB_130,BB_120,50R,,,,,,
17,G1,BB_066,BB_052,51L,4,93.223,175,,6.1,
17,G1,BB_194,BB_159,51R,,,,,,
18,G1,BB_188,BB_171,52L,5,94.744,193,,5.44,
18,G1,BB_100,BB_031,52R,,,,,,
18,G1,BB_051,BB_118,53L,,,,,,
18,G2,BB_141,BB_037,53R,,,,,,
18,G2,BB_055,BB_145,54L,1,117.521,166,folded,2.58,
18,G1,BB_001,BB_074,54R,3,59.195,164,,2.76,
19,G1,BB_108,BB_097,55L,,,,,,
19,G2,BB_202,BB_018,55R,5,130.368,195,,7.61,
19,G1,BB_075,BB_079,56L,,,,,,
19,G1,BB_171,BB_157,56R,,,,,,
19,G2,BB_057,BB_200,57L,,,,,,
19,G2,BB_028,BB_083,57R,,,,,,
20,G1,BB_175,BB_104,58L,3,66.058,159,,3.38,
20,G1,BB_014,BB_185,58R,3,54.856,166,,3.72,
20,G2,BB_202,BB_018,59L,4,139.14,188,leaf overlaps,6.55,
20,G1,BB_125,BB_051,59R,,,,,,
20,G2,BB_168,BB_046,60L,,,,,,
20,G1,BB_141,BB_003,60R,,,,,,
21,G2,BB_026,BB_153,61L,,,,,,
21,G2,BB_167,BB_114,61R,,,,,,
21,G1,BB_001,BB_043,62L,2,46.166,139,leaf broken,2.81,
21,G2,BB_142,BB_093,62R,,,,,,
21,G1,BB_130,BB_120,63L,,,,,,
21,G1,BB_057,BB_121,63R,,,,,,
22,G2,BB_169,BB_076,64L,,,,,,
22,G1,BB_198,BB_035,64R,,,,,,
22,G1,BB_005,BB_195,65L,,,,,,
22,G1,BB_213,BB_147,65R,5,178.322,195,,10.44,
22,G2,BB_169,BB_160,66L,,,,,,
22,G1,BB_198,BB_035,66R,3,48.549,170,,2.85,
23,G1,BB_066,BB_019,67L,,,,,,
23,G2,BB_023,BB_206,67R,,,,,,
23,G1,BB_099,BB_061,68L,,,,,,
23,G1,BB_051,BB_105,68R,4,132.736,175,,10.03,
23,G1,BB_169,BB_076,69L,,,,,,
23,G2,BB_023,BB_078,69R,2,199.306,198,,13.02,
24,G1,BB_176,BB_017,70L,3,63.763,196,,4.11,
24,G2,BB_188,BB_171,70R,5,87.396,167,broken leaf,3.87,
24,G2,BB_028,BB_109,71L,,,,,,
24,G1,BB_197,BB_199,71R,3,134.155,183,,6.77,
24,G1,BB_073,BB_084,72L,4,67.323,139,,4.19,
24,G1,BB_194,BB_214,72R,3,43.389,152,,2.65,
25,G1,BB_175,BB_172,73L,3,84.629,159,,5.79,
25,G2,BB_057,BB_121,73R,1,184.295,177,,11.51,
25,G1,BB_174,BB_002,74L,2,69.288,153,,3.62,
25,G2,BB_026,BB_153,74R,4,88.788,142,,4.46,
25,G1,BB_026,BB_153,75L,1,104.438,153,,7.12,
25,G2,BB_091,BB_098,75R,,,,,,
26,G2,BB_176,BB_017,76L,,,,,,
26,G1,BB_001,BB_072,76R,3,113.706,119,,7.22,
26,G2,BB_108,BB_189,77L,1,51.022,156,,3.52,
26,G1,BB_217,BB_016,77R,,,,,,
26,G1,BB_005,BB_034,78L,,,,,,
26,G1,BB_073,BB_064,78R,,,,,,
27,G1,BB_122,BB_126,79L,4,51.886,119,,3.6,
27,G1,BB_038,BB_149,79R,1,71.684,183,,4.9,
27,G1,BB_194,BB_163,80L,1,121.998,133,,6.07,
27,G1,BB_065,BB_013,80R,,,,,,
27,G1,BB_173,BB_095,81L,1,156.762,183,lead folded,12.24,
27,G2,BB_115,BB_020,81R,,,,,,
28,G1,BB_167,BB_008,82L,4,120.002,170,,9.01,
28,G2,BB_176,BB_059,82R,4,31.302,182,,1.51,
28,G1,BB_162,BB_080,83L,5,63.726,138,,2.8,
28,G1,BB_014,BB_185,83R,4,127.133,201,,3.83,
28,G1,BB_182,BB_021,84L,2,42.321,144,,2.88,
28,G1,BB_014,BB_152,84R,1,79.399,160,,3.49,
29,G2,BB_175,BB_104,85L,5,72.582,147,"leaf overlaps, subtracted enclosed non-leaf sections",4.34,
29,G1,BB_125,BB_137,85R,,,,,,
29,G1,BB_038,BB_216,86L,2,85.85,142,"leaf overlaps, subtracted enclosed non-leaf sections",3.85,
29,G2,BB_023,BB_190,86R,2,190.874,158,,7.96,
29,G1,BB_197,BB_060,87L,3,70.155,168,,3.87,
29,G1,BB_066,BB_052,87R,4,114.194,167,"leaf overlaps, subtracted enclosed non-leaf sections",6.4,
30,G1,BB_171,BB_127,88L,1,300.291,190,,15.45,
30,G1,BB_188,BB_171,88R,,,,,,
30,G1,BB_026,BB_153,89L,,,,,,
30,G1,BB_182,BB_201,89R,,,,,,
30,G1,BB_001,BB_074,90L,4,82.08,141,,3.3,
30,G1,BB_073,BB_084,90R,3,63.82,153,,3.66,
31,G1,BB_115,BB_020,91L,5,68.534,82,,3.94,
31,G1,BB_091,BB_094,91R,,,,,,
31,G2,BB_066,BB_019,92L,4,47.24,103,,4.84,
31,G2,BB_055,BB_145,92R,,,,,,
31,G2,BB_066,BB_087,93L,,,,,,
31,G2,BB_198,BB_138,93R,2,85.668,98,,7.64,
32,G2,BB_171,BB_039,94L,,,,,,
32,G1,BB_055,BB_119,94R,,,,,,
32,G1,BB_011,BB_215,95L,,,,,,
32,G1,BB_107,BB_151,95R,,,,,,
32,G1,BB_173,BB_044,96L,,,,,,
32,G2,BB_144,BB_207,96R,,,,,,
33,G1,BB_023,BB_078,97L,,,,,,
33,G1,BB_194,BB_163,97R,,,,,,
33,G2,BB_051,BB_143,98L,,,,,,
33,G1,BB_065,BB_192,98R,1,218.252,152,,10.67,
33,G1,BB_169,BB_160,99L,,,,,,
33,G2,BB_028,BB_083,99R,,,,,,
34,G1,BB_176,BB_049,100L,,,,,,
34,G2,BB_100,BB_135,100R,,,,,,
34,G1,BB_215,BB_004,101L,2,37.498,114,,2.48,
34,G2,BB_215,BB_210,101R,5,26.833,98,,2.34,
34,G1,BB_141,BB_037,102L,1,90.699,97,,6.23,
34,G1,BB_182,BB_201,102R,2,33.916,143,,0.84,
35,G2,BB_182,BB_021,103L,3,91.639,176,,3.09,
35,G2,BB_215,BB_148,103R,4,88.089,127,,9.43,
35,G1,BB_055,BB_119,104L,3,97.519,132,,6.21,
35,G1,BB_066,BB_019,104R,2,104.584,120,,6.36,
35,G2,BB_168,BB_046,105L,1,55.821,112,,2.43,
35,G1,BB_167,BB_008,105R,2,42.895,123,,3.1,
36,G2,BB_014,BB_185,106L,1,33.306,116,,1.9,
36,G1,BB_168,BB_046,106R,,,,,,
36,G1,BB_174,BB_010,107L,4,32.341,139,,2.44,
36,G1,BB_194,BB_159,107R,1,48.956,142,,3.66,
36,G2,BB_202,BB_101,108L,4,65.457,135,,3.32,
36,G1,BB_162,BB_154,108R,2,37.547,150,,1.90,
37,G1,BB_144,BB_158,109L,5,88.205,111,,5.93,
37,G1,BB_202,BB_018,109R,1,66.041,161,,4.96,
37,G2,BB_026,BB_153,110L,2,119.579,138,,7.00,
37,G1,BB_115,BB_077,110R,1,53.961,172,,2.53,
37,G1,BB_217,BB_205,111L,1,46.394,153,,3.49,
37,G2,BB_057,BB_121,111R,3,30.249,152,,1.95,
38,G1,BB_015,BB_063,112L,,,,,,
38,G1,BB_066,BB_087,112R,1,48.911,157,,3.56,
38,G1,BB_213,BB_147A,113L,5,92.511,168,,5.51,
38,G1,BB_213,BB_147B,113R,1,72.958,158,,4.26,
38,G1,BB_196,BB_089,114L,2,50.908,142,leaves slightly folded,4.51,
38,G1,BB_011,BB_116,114R,5,83.257,114,,1.89,
39,G1,BB_196,BB_088,115L,,,,,,
39,G1,BB_065,BB_133,115R,,,,,,
39,G1,BB_005,BB_034,116L,4,22.723,164,,2.26,
39,G1,BB_168,BB_046,116R,,,,,,
39,G1,BB_171,BB_039,117L,4,54.116,152,,1.5,
39,G1,BB_075,BB_164,117R,1,43.496,168,,2.09,
40,G2,BB_141,BB_029,118L,3,109.647,157,,6.59,
40,G1,BB_202,BB_025,118R,3,50.349,136,,2.75,
40,G2,BB_125,BB_051,119L,5,42.399,162,,2.95,
40,G1,BB_182,BB_021,119R,1,24.049,137,,1.26,
40,G1,BB_217,BB_054,120L,5,138.695,163,,8.4,
40,G1,BB_055,BB_183,120R,1,82.494,153,,4.02,
41,G1,BB_108,BB_189,121L,1,59.617,157,,3.79,
41,G2,BB_213,BB_132,121R,3,79.84,165,,6.01,
41,G1,BB_115,BB_187,122L,,,,,,
41,G2,BB_177,BB_134,122R,5,75.014,148,,5.75,
41,G1,BB_100,BB_113,123L,5,58.785,160,,3.3,
41,G1,BB_162,BB_080,123R,,,,,,
42,G1,BB_107,BB_151,124L,,,,,,
42,G1,BB_177,BB_140,124R,,,,,,
42,G1,BB_038,BB_149,125L,5,62.784,163,,3.13,
42,G2,BB_028,BB_109,125R,,,,,,
42,G1,BB_188,BB_205B,126L,,,,,,
42,G2,BB_108,BB_189,126R,,,,,,
43,G1,BB_130,BB_120,127L,,,,,,
43,G1,BB_171,BB_039,127R,,,,,,
43,G1,BB_174,BB_010,128L,,,,,,
43,G1,BB_023,BB_206,128R,3,97.058,170,,4.67,
43,G1,BB_162,BB_040,129L,3,39.949,156,,3.54,
43,G1,BB_196,BB_089,129R,2,79.288,172,,4.86,
44,G1,BB_122,BB_027,130L,,,,,,
44,G1,BB_014,BB_152,130R,5,39.682,171,,2.92,
44,G1,BB_198,BB_138,131L,4,62.211,164,,3.23,
44,G1,BB_167,BB_114,131R,,,,,,
44,G2,BB_215,BB_148,132L,4,261.111,126,,23.82,
44,G1,BB_197,BB_199,132R,2,188.484,199,,9.04,
45,G2,BB_026,BB_053,133L,,,,,,
45,G2,BB_171,BB_039,133R,1,52.816,146,,4.02,
45,G1,BB_057,BB_200,134L,5,49.55,162,,2.21,
45,G1,BB_167,BB_110,134R,1,71.502,165,,3.4,
45,G2,BB_100,BB_135,135L,4,97.59,109,,5.96,
45,G2,BB_065,BB_013,135R,,,,,,
46,G2,BB_196,BB_088,136L,,,,,,
46,G1,BB_057,BB_146,136R,,,,,,
46,G2,BB_047,BB_193,137L,3,109.13,115,,10.28,
46,G1,BB_028,BB_109,137R,4,47.041,97,A bit blurry ,2.65,
46,G1,BB_125,BB_137,138L,2,72.433,96,,4.4,
46,G1,BB_177,BB_117,138R,2,80.755,95,,5.92,
47,G1,BB_028,BB_209,139L,,,,,,
47,G2,BB_051,BB_105,139R,,,,,,
47,G2,BB_177,BB_134,140L,4,143.648,121,,6.52,
47,G1,BB_196,BB_186,140R,,,,,,
47,G1,BB_177,BB_134,141L,2,237.449,125,,13.73,
47,G2,BB_198,BB_138,141R,,,,,,
48,G1,BB_213,BB_132,142L,,,,,,
48,G2,BB_057,BB_200,142R,4,56.373,121,,4.3,
48,G1,BB_198,BB_045,143L,5,55.07,98,,4.12,
48,G1,BB_188,BB_009,143R,,,,,,
48,G1,BB_217,BB_054,144L,,,,,,
48,G2,BB_028,BB_083,144R,,,,,,
49,G1,BB_001,BB_043,145L,,,,,,
49,G1,BB_175,BB_050,145R,,,,,,
49,G1,BB_075,BB_085,146L,5,26.227,100,,1.88,
49,G1,BB_177,BB_140,146R,,,,,,
49,G1,BB_122,BB_208,147L,2,124.1,100,,5.61,
49,G2,BB_217,BB_054,147R,,,,,,
50,G1,BB_055,BB_145,148L,2,68.768,121,,4.26,
50,G2,BB_057,BB_146,148R,5,104.008,109,,8.04,
50,G1,BB_122,BB_126,149L,2,112.75,108,,7.09,
50,G2,BB_171,BB_157,149R,,,,,,
50,G1,BB_176,BB_059,150L,,,,,,
50,G2,BB_188,BB_009,150R,,,,,,
51,G1,BB_173,BB_044,151L,,,,,,
51,G2,BB_108,BB_189,151R,5,95.281,120,,4.83,
51,G2,BB_142,BB_093,152L,,,,,,
51,G2,BB_196,BB_088,152R,3,43.928,97,,3.33,
51,G1,BB_174,BB_002,153L,2,71.844,110,,4.62,
51,G1,BB_055,BB_145,153R,4,49.896,99,,2.22,
52,G2,BB_162,BB_154,154L,,,,,,
52,G2,BB_015,BB_111,154R,5,63.669,111,,2.38,
52,G2,BB_023,BB_206,155L,2,120.616,136,overlap; subtracted nonleaf areas,5.68,
52,G1,BB_051,BB_143,155R,4,80.067,107,,3.28,
52,G2,BB_023,BB_190,156L,5,29.016,107,,2.05,
52,G1,BB_130,BB_007,156R,,,,,,
53,G2,BB_115,BB_020,157L,4,14.342,98,,0.8,
53,G1,BB_099,BB_032,157R,,,,,,
53,G2,BB_011,BB_116,158L,2,62.549,119,,3.42,
53,G1,BB_065,BB_192,158R,3,128.087,121,overlap; subtracted nonleaf areas,6.05,
53,G1,BB_175,BB_104,159L,,,,,,
53,G1,BB_057,BB_146,159R,,,,,,
54,G1,BB_073,BB_064,160L,3,60.796,115,,3.48,
54,G2,BB_167,BB_114,160R,5,68.994,112,,3.65,
54,G2,BB_197,BB_060,161L,5,79.8,110,folds,3.79,
54,G1,BB_141,BB_037,161R,,,,,,
54,G1,BB_202,BB_101,162L,,,,,,
54,G1,BB_130,BB_048,162R,5,75.329,101,,5.44,
55,G1,BB_197,BB_211,163L,3,39.555,113,,2.26,
55,G1,BB_167,BB_114,163R,,,,,,
55,G2,BB_051,BB_143,164L,1,58.203,108,,3.47,
55,G1,BB_075,BB_079,164R,1,63.995,102,,3.62,
55,G1,BB_005,BB_166,165L,,,,,,
55,G1,BB_073,BB_092,165R,,,,,,
56,G1,BB_001,BB_074,166L,,,,,,
56,G1,BB_182,BB_103,166R,,,,,,
56,G2,BB_047,BB_131,167L,2,135.269,111,,7.03,
56,G1,BB_176,BB_059,167R,1,165.086,90,,9.31,
56,G1,BB_028,BB_109,168L,5,72.799,114,overlap,3.25,
56,G1,BB_144,BB_030,168R,5,100.207,120,,3.98,
57,G2,BB_182,BB_103,169L,,,,,,
57,G2,BB_177,BB_117,169R,5,51.083,114,,2.81,
57,G1,BB_177,BB_117,170L,1,40.365,72,,3.43,
57,G2,BB_169,BB_076,170R,3,74.176,119,,4.82,
57,G1,BB_051,BB_118,171L,,,,,,
57,G1,BB_144,BB_030,171R,3,56.135,91,,6.71,
58,G1,BB_197,BB_211,172L,2,195.138,121,,8.77,
58,G1,BB_011,BB_056,172R,,,,,,
58,G1,BB_142,BB_093,173L,,,,,,
58,G2,BB_055,BB_145,173R,1,74.75,104,,2.42,
58,G2,BB_198,BB_045,174L,1,33.184,105,,1.88,
58,G1,BB_122,BB_027,174R,2,57.474,111,,3.08,
59,G2,BB_005,BB_166,175L,,,,,,
59,G1,BB_065,BB_013,175R,,,,,,
59,G1,BB_066,BB_019,176L,5,27.666,107,,1.77,
59,G1,BB_091,BB_098,176R,,,,,,
59,G2,BB_196,BB_089,177L,,,,,,
59,G1,BB_197,BB_199,177R,2,62.907,115,,4.44,
60,G1,BB_001,BB_072,178L,,,,,,
60,G1,BB_173,BB_170,178R,3,47.75,116,,3.03,
60,G2,BB_026,BB_053,179L,,,,,,
60,G2,BB_066,BB_019,179R,,,,,,
60,G1,BB_047,BB_071,180L,,,,,,
60,G1,BB_175,BB_172,180R,,,,,,
61,G2,BB_142,BB_150,181L,,,,,,
61,G1,BB_215,BB_210,181R,,,,,,
61,G1,BB_141,BB_029,182L,,,,,,
61,G1,BB_015,BB_218,182R,3,169.193,101,,9.29,
61,G1,BB_065,BB_133,183L,,,,,,
61,G1,BB_028,BB_083,183R,,,,,,
62,G2,BB_066,BB_052,184L,2,63.412,105,,3.39,
62,G1,BB_099,BB_161,184R,3,145.011,107,,5.37,
62,G1,BB_015,BB_111,185L,,,,,,
62,G1,BB_168,BB_058,185R,2,71.959,107,,2.6,
62,G2,BB_176,BB_017,186L,,,,,,
62,G1,BB_142,BB_093,186R,4,132.021,103,,7.09,
63,G2,BB_107,BB_123,187L,1,123.718,104,,5.83,
63,G1,BB_047,BB_131,187R,5,53.394,74,,4.63,
63,G1,BB_167,BB_110,188L,,,,,,
63,G1,BB_122,BB_208,188R,,,,,,
63,G1,BB_005,BB_034,189L,1,55.406,117,,2.11,
63,G1,BB_215,BB_210,189R,,,,,,
64,G1,BB_202,BB_025,190L,,,,,,
64,G1,BB_066,BB_052,190R,2,104.311,102,,7.04,
64,G1,BB_173,BB_095,191L,,,,,,
64,G1,BB_142,BB_086,191R,3,102.71,116,,4.48,
64,G1,BB_100,BB_113,192L,3,260.421,115,,16.4,
64,G1,BB_217,BB_016,192R,3,74.82,113,,3.11,
65,G1,BB_073,BB_084,193L,,,,,,
65,G1,BB_198,BB_138,193R,,,,,,
65,G1,BB_115,BB_077,194L,3,100.688,104,,2.89,
65,G2,BB_065,BB_133,194R,,,,,,
65,G2,BB_188,BB_009,195L,,,,,,
65,G1,BB_169,BB_160,195R,,,,,,
66,G1,BB_014,BB_185,196L,5,107.044,103,Folded leaf,5.89,
66,G2,BB_202,BB_101,196R,,,,,,
66,G2,BB_142,BB_093,197L,5,78.442,102,,4.96,
66,G1,BB_168,BB_081,197R,,,,,,
66,G1,BB_171,BB_157,198L,3,46.555,103,,3.97,
66,G2,BB_217,BB_205A,198R,,,,,,
67,G2,BB_169,BB_160,199L,4,39.419,102,,2.22,
67,G1,BB_047,BB_193,199R,,,,,,
67,G1,BB_175,BB_050,200L,1,77.691,77,,3.85,
67,G1,BB_182,BB_201,200R,1,32.907,98,,2.31,
67,G1,BB_099,BB_032,201L,,,,,,
67,G1,BB_142,BB_150,201R,3,36.557,68,,2.45,
68,G1,BB_108,BB_189,202L,,,,,,
68,G1,BB_130,BB_007,202R,,,,,,
68,G1,BB_176,BB_017,203L,,,,,,
68,G2,BB_047,BB_193,203R,,,,,,
68,G1,BB_125,BB_024,204L,,,,,,
68,G1,BB_162,BB_040,204R,,,,,,
69,G2,BB_047,BB_131,205L,,,,,,
69,G1,BB_168,BB_081,205R,3,44.526,105,,3.09,
69,G1,BB_197,BB_211,206L,,,,,,
69,G1,BB_075,BB_079,206R,,,,,,
69,G1,BB_217,BB_054,207L,,,,,,
69,G1,BB_130,BB_120,207R,,,,,,
70,G2,BB_023,BB_190,208R,,,,,,
70,G1,BB_168,BB_046,209L,,,,,,
70,G1,BB_015,BB_063,209R,,,,,,
70,G1,BB_188,BB_205B,210L,,,,,,
70,G1,BB_167,BB_114,210R,,,,,,
71,G1,BB_174,BB_002,211L,,,,,,
71,G1,BB_188,BB_171,211R,,,,,,
71,G1,BB_091,BB_098,212L,,,,,,
71,G2,BB_011,BB_215,212R,,,,,,
71,G1,BB_108,BB_097,213L,,,,,,
71,G2,BB_196,BB_089,213R,2,117.936,108,,6.11,
72,G1,BB_176,BB_059,214L,,,,,,
72,G1,BB_100,BB_031,214R,,,,,,
72,G2,BB_091,BB_139,215L,1,88.843,104,,4.2,
72,G1,BB_047,BB_193,215R,,,,,,
72,G1,BB_168,BB_058,216L,,,,,,
72,G2,BB_100,BB_135,216R,,,,,,
73,G1,BB_177,BB_134,217L,,,,,,
73,G1,BB_055,BB_183,217R,,,,,,
73,G1,BB_075,BB_085,218L,5,93.672,118,,2.7,
73,G2,BB_005,BB_166,218R,,,,,,
73,G2,BB_168,BB_058,219L,,,,,,
73,G1,BB_014,BB_102,219R,,,,,,
74,G2,BB_215,BB_004,220L,4,182.844,107,,10.98,
74,G2,BB_141,BB_037,220R,,,,,,
74,G2,BB_057,BB_146,221L,,,,,,
74,G2,BB_057,BB_121,221R,,,,,,
74,G1,BB_100,BB_135,222L,,,,,,
74,G1,BB_075,BB_164,222R,2,121.472,115,,7.74,
75,G2,BB_168,BB_058,223L,,,,,,
75,G1,,BB_070A,223R,,,,,,
75,G1,BB_125,BB_051,224L,,,,,,
75,G1,,BB_070B,224R,,,,,,
75,G1,BB_099,BB_161,225L,,,,,,
75,G2,BB_011,BB_056,225R,,,,,,
76,G2,BB_141,BB_029,226L,,,,,,
76,G1,BB_047,BB_131,226R,,,,,,
76,G2,BB_107,BB_179,227L,,,,,,
76,G1,BB_026,BB_153,227R,,,,,,
76,G1,BB_028,BB_209,228L,,,,,,
76,G1,BB_171,BB_127,228R,,,,,,
77,G2,BB_142,BB_150,229L,,,,,,
77,G1,BB_011,BB_116,229R,,,,,,
77,G1,BB_168,BB_058,230L,,,,,,
77,G1,BB_011,BB_116,230R,,,,,,
77,G2,BB_213,BB_147,231L,,,,,,
77,G2,BB_047,BB_193,231R,,,,,,
78,G1,BB_023,BB_078,232L,,,,,,
78,G2,BB_028,BB_109,232R,,,,,,
78,G2,BB_057,BB_146,233L,,,,,,
78,G1,BB_100,BB_135,233R,,,,,,
78,G1,BB_066,BB_087,234L,,,,,,
78,G2,BB_202,BB_101,234R,,,,,,
79,G1,BB_115,BB_077,235L,,,,,,
79,G1,BB_047,BB_131,235R,3,57.647,109,,2.69,
79,G1,BB_198,BB_045,236L,4,21.195,100,blurry image,0.89,
79,G1,BB_144,BB_158,236R,3,27.058,119,,1.57,
79,G1,BB_173,BB_095,237L,1,132.878,95,,8.99,
79,G1,BB_196,BB_186,237R,2,116.744,95,,5.01,
80,G2,BB_194,BB_214,238L,,,,,,
80,G2,BB_107,BB_123,238R,,,,,,
80,G1,BB_141,BB_003,239L,3,58.524,115,,3.14,
80,G1,BB_213,BB_204,239R,,,,,,
80,G2,BB_073,BB_092,240L,,,,,,
80,G2,BB_107,BB_151,240R,1,38.195,121,,2.18,
81,G2,BB_075,BB_079,241L,,,,,,
81,G1,BB_173,BB_170,241R,,,,,,
81,G1,BB_047,BB_193,242L,,,,,,
81,G1,BB_047,BB_071,242R,,,,,,
81,G1,BB_176,BB_049,243L,,,,,,
81,G2,BB_026,BB_053,243R,3,33.866,119,,2.22,
82,G1,BB_173,BB_170,244L,1,68.702,114,,4.07,
82,G1,BB_197,BB_060,244R,4,126.425,95,,6.25,
82,G1,BB_162,BB_040,245L,,,,,,
82,G1,BB_026,BB_053,245R,,,,,,
82,G2,BB_011,BB_215,246L,4,29.363,110,,1.41,
82,G2,BB_182,BB_103,246R,,,,,,
83,G1,BB_011,BB_056,247L,,,,,,
83,G1,BB_175,BB_104,247R,,,,,,
83,G1,BB_015,BB_218,248L,,,,,,
83,G2,BB_174,BB_002,248R,,,,,,
83,G1,BB_100,BB_031,249L,,,,,,
83,G2,BB_196,BB_089,249R,3,76.089,105,,4.24,
84,G1,BB_177,BB_140,250L,,,,,,
84,G1,BB_217,BB_205A,250R,,,,,,
84,G2,BB_175,BB_104,251L,,,,,,
84,G1,BB_107,BB_179,251R,,,,,,
84,G1,BB_182,BB_103,252L,,,,,,
84,G1,BB_108,BB_069,252R,,,,,,
85,G1,BB_038,BB_042,253L,,,,,,
85,G1,BB_188,BB_009,253R,,,,,,
85,G2,BB_023,BB_206,254L,,,,,,
85,G1,BB_001,BB_072,254R,,,,,,
85,G1,BB_091,BB_139,255L,,,,,,
85,G2,BB_175,BB_172,255R,,,,,,
86,G1,BB_015,BB_111,256L,,,,,,
86,G2,BB_176,BB_059,256R,,,,,,
86,G1,BB_122,BB_027,257L,,,,,,
86,G1,BB_142,BB_150,257R,,,,,,
86,G1,BB_028,BB_083,258L,,,,,,
86,G1,BB_026,BB_070,258R,,,,,,
87,G2,BB_075,BB_164,259L,2,41.997,108,,2.35,
87,G1,BB_198,BB_138,259R,,,,,,
87,G1,BB_194,BB_214,260L,,,,,,
87,G1,BB_065,BB_133,260R,,,,,,
87,G2,BB_217,BB_054,261L,,,,,,
87,G1,BB_107,BB_123,261R,,,,,,
88,G2,BB_194,BB_214,262L,,,,,,
88,G1,BB_213,BB_132,262R,,,,,,
88,G1,BB_217,BB_016,263L,,,,,,
88,G1,BB_014,BB_102,263R,,,,,,
88,G1,BB_169,BB_076,264L,,,,,,
88,G1,BB_171,BB_127,264R,,,,,,
89,G2,BB_176,BB_059,265L,,,,,,
89,G1,BB_174,BB_068,265R,,,,,,
89,G2,BB_065,BB_013,266L,,,,,,
89,G2,BB_038,BB_149,266R,3,34.388,99,,1.88,
89,G2,BB_011,BB_215,267L,,,,,,
89,G1,BB_125,BB_137,267R,,,,,,
90,G2,BB_125,BB_024,268L,1,43.26,107,,2.38,
90,G1,BB_091,BB_139,268R,,,,,,
90,G2,BB_065,BB_133,269L,,,,,,
90,G1,BB_038,BB_042,269R,3,39.162,111,,2.97,
90,G2,BB_217,BB_205A,270L,3,27.113,113,,1.97,
90,G1,BB_051,BB_143,270R,,,,,,
91,G2,BB_065,BB_013,271L,,,,,,
91,G1,BB_182,BB_021,271R,,,,,,
91,G1,BB_038,BB_149,272L,4,36.156,101,,2.41,
91,G1,BB_171,BB_039,272R,,,,,,
91,G1,BB_028,BB_209,273L,,,,,,
91,G1,BB_213,BB_204,273R,3,59.832,116,,2.87,
92,G1,BB_141,BB_003,274L,2,47.143,110,,4.68,
92,G2,BB_026,BB_070,274R,,,,,,
92,G1,BB_177,BB_134,275L,,,,,,
92,G1,BB_144,BB_158,275R,,,,,,
92,G1,BB_162,BB_080,276L,,,,,,
92,G1,BB_099,BB_061,276R,,,,,,
93,G1,BB_038,BB_216,277L,,,,,,
93,G2,BB_107,BB_179,277R,,,,,,
93,G2,BB_198,BB_045,278L,,,,,,
93,G1,BB_197,BB_060,278R,3,24.326,66,low quality photo,1.27,
93,G1,BB_167,BB_110,279L,,,,,,
93,G1,BB_194,BB_214,279R,,,,,,
94,G2,BB_176,BB_017,280L,,,,,,
94,G2,BB_130,BB_120,280R,,,,,,
94,G1,BB_202,BB_018,281L,,,,,,
94,G1,BB_130,BB_048,281R,,,,,,
94,G2,BB_130,BB_048,282L,,,,,,
94,G2,BB_197,BB_060,282R,,,,,,
95,G1,BB_175,BB_050,283L,2,26.86,110,,1.9,
95,G1,BB_015,BB_111,283R,,,,,,
95,G1,BB_026,BB_053,284L,,,,,,
95,G1,BB_099,BB_161,284R,,,,,,
95,G1,BB_115,BB_187,285L,,,,,,
95,G1,BB_169,BB_181,285R,,,,,,
96,G1,BB_023,BB_190,286L,,,,,,
96,G1,BB_023,BB_190,286R,,,,,,
96,G1,BB_194,BB_163,287L,3,35.184,97,,2.01,
96,G1,BB_108,BB_097,287R,5,39.339,90,,2.46,
96,G1,BB_055,BB_145,288L,5,60.47,101,,2.49,
96,G2,BB_213,BB_147,288R,2,62.034,108,,2.36,
97,G1,BB_057,BB_146,289L,1,40.93,90,,3.35,
97,G1,BB_122,BB_208,289R,4,41.728,84,,2.26,
97,G2,BB_107,BB_179,290L,,,,,,
97,G1,BB_075,BB_164,290R,,,,,,
97,G1,BB_141,BB_037,291L,1,77.391,117,,4.87,
97,G2,BB_066,BB_052,291R,2,81.711,70,,7.54,
98,G1,BB_051,BB_105,292L,,,,,,
98,G1,BB_188,BB_205B,292R,3,21.311,110,leaf is folded,1.94,
98,G1,BB_091,BB_094,293L,,,,,,
98,G1,BB_215,BB_148,293R,3,36.304,100,,2.82,
98,G1,BB_108,BB_069,294L,,,,,,
98,G1,BB_066,BB_087,294R,,,,,,
99,G2,BB_197,BB_060,295L,,,,,,
99,G2,BB_198,BB_138,295R,,,,,,
99,G1,BB_011,BB_056,296L,,,,,,
99,G1,BB_073,BB_092,296R,,,,,,
99,G1,BB_198,BB_035,297L,,,,,,
99,G1,BB_144,BB_207,297R,,,,,,
100,G1,BB_168,BB_081,298L,4,50.245,108,,2.79,
100,G2,BB_066,BB_087,298R,,,,,,
100,G2,BB_196,BB_088,299L,,,,,,
100,G1,BB_051,BB_143,299R,,,,,,
100,G1,BB_176,BB_049,300L,,,,,,
100,G1,BB_057,BB_121,300R,,,,,,
101,G2,BB_174,BB_002,301L,2,54.226,113,,2.64,
101,G1,BB_213,BB_132,301R,2,45.552,113,,4.81,
101,G1,BB_075,BB_085,302L,,,,,,
101,G2,BB_005,BB_166,302R,,,,,,
101,G2,BB_142,BB_150,303L,,,,,,
101,G1,BB_130,BB_007,303R,5,173.108,110,,6.72,
102,G1,BB_011,BB_215,304L,3,106.914,102,,6.84,
102,G1,BB_099,BB_061,304R,4,66.488,89,,5.92,
102,G2,BB_091,BB_098,305L,2,62.52,95,,4.61,
102,G1,BB_028,BB_083,305R,,,,,,
102,G1,BB_115,BB_187,306L,,,,,,
102,G2,BB_167,BB_114,306R,,,,,,
103,G1,BB_100,BB_113,307L,2,58.9,94,,2.51,
103,G1,BB_108,BB_069,307R,,,,,,
103,G1,BB_196,BB_186,308L,5,146.732,93,,7.86,
103,G2,BB_028,BB_209,308R,3,48.802,114,,3.72,
103,G2,BB_115,BB_020,309L,1,32.903,116,,2.73,
103,G2,BB_038,BB_149,309R,,,,,,
104,G1,BB_057,BB_200,310L,,,,,,
104,G1,BB_167,BB_008,310R,,,,,,
104,G1,BB_215,BB_148,311L,,,,,,
104,G1,BB_005,BB_195,311R,,,,,,
104,G1,BB_213,BB_204,312L,,,,,,
104,G2,BB_162,BB_080,312R,2,93.237,136,,4.31,
105,G1,BB_174,BB_068,313L,,,,,,
105,G2,BB_198,BB_045,313R,,,,,,
105,G1,BB_028,BB_109,314L,4,84.16,142,,2.85,
105,G1,BB_202,BB_101,314R,,,,,,
105,G1,BB_107,BB_123,315L,,,,,,
105,G2,BB_107,BB_151,315R,,,,,,
106,G1,BB_122,BB_126,316L,2,137.404,160,,6.72,
106,G1,BB_038,BB_042,316R,,,,,,
106,G2,BB_202,BB_018,317L,5,83.642,177,,3.16,
106,G1,BB_023,BB_206,317R,,,,,,
106,G1,BB_001,BB_043,318L,,,,,,
106,G1,BB_051,BB_118,318R,,,,,,
107,G1,BB_051,BB_105,319L,,,,,,
107,G1,BB_015,BB_218,319R,,,,,,
107,G1,BB_169,BB_160,320L,,,,,,
107,G2,BB_015,BB_111,320R,,,,,,
107,G1,BB_038,BB_216,321L,,,,,,
107,G1,BB_125,BB_024,321R,4,68.391,153,,4.09,
108,G1,BB_144,BB_030,322L,1,60.394,152,,4.7,