Sample ID,δ13CVPDB (‰),Total C (µg),C Comment,Tray Name,Well Id,Type of Material,Analysis,Sample Weight (mg) from Sample List,Internal ID,Analysis Number,Mass Spec
BB-139-G1-001-3R-3,-27.94,1487.79,,Nemo-2023-BB-1,A1,plant stem tissue,13C,3.34,2026595,696624,H
BB-181-G1-002-4R-5,-28.97,1321.78,,Nemo-2023-BB-1,A2,plant stem tissue,13C,4.5,2026596,696625,H
BB-132-G2-002-5L-3,-27.42,1135.44,,Nemo-2023-BB-1,A3,plant stem tissue,13C,3.45,2026597,696626,H
BB-044-G1-002-5R-2,-30.25,1542.77,,Nemo-2023-BB-1,A4,plant stem tissue,13C,4.55,2026598,696627,H
BB-150-G1-002-6L-5,-29.67,1487.79,,Nemo-2023-BB-1,A5,plant stem tissue,13C,4.56,2026599,696628,H
BB-002-G2-002-6R-3,-29.62,1606.69,,Nemo-2023-BB-1,A6,plant stem tissue,13C,4.58,2026600,696629,H
BB-052-G2-003-7R-4,-30.74,1138.56,,Nemo-2023-BB-1,A7,plant stem tissue,13C,3.77,2026601,696630,H
BB-206-G1-003-8L-3,-31.07,1661.29,,Nemo-2023-BB-1,A8,plant stem tissue,13C,4.58,2026602,696631,H
BB-068-G1-003-8R-4,-30.36,1627.95,,Nemo-2023-BB-1,A9,plant stem tissue,13C,4.69,2026603,696632,H
BB-147-G2-003-9L-5,-31.28,899.74,,Nemo-2023-BB-1,A10,plant stem tissue,13C,2.55,2026604,696633,H
BB-053-G1-003-9R-5,-29.87,1147.92,,Nemo-2023-BB-1,A11,plant stem tissue,13C,3.49,2026605,696634,H
BB-069-G2-004-10L-5,-31.16,1444.90,,Nemo-2023-BB-1,A12,plant stem tissue,13C,4.53,2026606,696635,H
BB-086-G1-004-10R-1,-30.80,1530.57,,Nemo-2023-BB-1,B1,plant stem tissue,13C,4.42,2026607,696642,H
BB-215-G1-004-11R-5,-30.25,660.96,,Nemo-2023-BB-1,B2,plant stem tissue,13C,2.47,2026608,696643,H
BB-051-G1-004-12L-5,-30.75,921.87,,Nemo-2023-BB-1,B3,plant stem tissue,13C,2.92,2026609,696644,H
BB-134-G2-004-12R-1,-30.62,667.36,,Nemo-2023-BB-1,B4,plant stem tissue,13C,2.56,2026610,696645,H
BB-148-G1-005-13L-3,-30.39,1454.10,,Nemo-2023-BB-1,B5,plant stem tissue,13C,4.11,2026611,696646,H
BB-004-G1-005-13R-1,-30.90,1222.64,,Nemo-2023-BB-1,B6,plant stem tissue,13C,4.24,2026612,696647,H
BB-143-G2-005-14L-1,-30.07,1300.14,,Nemo-2023-BB-1,B7,plant stem tissue,13C,4.57,2026613,696648,H
BB-159-G2-005-14R-5,-30.37,683.37,,Nemo-2023-BB-1,B8,plant stem tissue,13C,2.18,2026614,696649,H
BB-017-G1-005-15L-1,-28.82,1337.21,,Nemo-2023-BB-1,B9,plant stem tissue,13C,3.8,2026615,696650,H
BB-088-G1-005-15R-3,-31.00,1404.98,,Nemo-2023-BB-1,B10,plant stem tissue,13C,4.18,2026616,696651,H
BB-013-G1-006-16L-4,-29.56,1250.58,,Nemo-2023-BB-1,B11,plant stem tissue,13C,4.08,2026617,696652,H
BB-179-G1-006-16R-1,-30.28,1395.76,,Nemo-2023-BB-1,B12,plant stem tissue,13C,4.02,2026618,696653,H
BB-166-G1-006-17L-2,-30.27,461.23,,Nemo-2023-BB-1,C1,plant stem tissue,13C,1.49,2026619,696658,H
BB-076-G1-006-18L-1,-29.41,1290.86,,Nemo-2023-BB-1,C2,plant stem tissue,13C,3.74,2026620,696659,H
BB-205A-G2-006-18R-4,-30.24,836.37,,Nemo-2023-BB-1,C3,plant stem tissue,13C,2.26,2026621,696660,H
BB-025-G1-007-19L-1,-31.38,1469.42,,Nemo-2023-BB-1,C4,plant stem tissue,13C,4.91,2026622,696661,H
BB-086-G1-007-20L-2,-31.58,1244.38,,Nemo-2023-BB-1,C5,plant stem tissue,13C,4.43,2026623,696662,H
BB-092-G1-007-20R-4,-31.13,1141.68,,Nemo-2023-BB-1,C6,plant stem tissue,13C,3.83,2026624,696663,H
BB-152-G1-008-22R-5,-30.13,1278.47,,Nemo-2023-BB-1,C7,plant stem tissue,13C,4.61,2026625,696664,H
BB-020-G1-008-23L-4,-30.11,1691.54,,Nemo-2023-BB-1,C8,plant stem tissue,13C,5.16,2026626,696665,H
BB-116-G2-008-23R-1,-31.09,1281.57,,Nemo-2023-BB-1,C9,plant stem tissue,13C,4.41,2026627,696666,H
BB-019-G2-008-24L-2,-31.62,1076.02,,Nemo-2023-BB-1,C10,plant stem tissue,13C,3.88,2026628,696667,H
BB-195-G1-008-24R-2,-30.37,1781.98,,Nemo-2023-BB-1,C11,plant stem tissue,13C,4.76,2026629,696668,H
BB-190-G1-009-25L-3,-31.23,1016.41,,Nemo-2023-BB-1,C12,plant stem tissue,13C,3.67,2026630,696669,H
BB-029-G1-009-25R-4,-29.56,798.24,,Nemo-2023-BB-1,D1,plant stem tissue,13C,2.03,2026631,696673,H
BB-010-G1-009-26L-1,-27.30,603.19,,Nemo-2023-BB-1,D2,plant stem tissue,13C,2.36,2026632,696674,H
BB-181-G1-009-26R-1,-30.01,603.19,,Nemo-2023-BB-1,D3,plant stem tissue,13C,1.64,2026633,696675,H
BB-132-G2-009-27L-2,-29.59,1094.81,,Nemo-2023-BB-1,D4,plant stem tissue,13C,3.09,2026634,696676,H
BB-020-G1-009-27R-1,-28.39,283.59,,Nemo-2023-BB-1,D5,plant stem tissue,13C,0.94,2026635,696677,H
BB-149-G2-010-28L-2,-28.86,1621.88,,Nemo-2023-BB-1,D6,plant stem tissue,13C,5.02,2026636,696678,H
BB-029-G2-010-28R-1,-30.38,1423.42,,Nemo-2023-BB-1,D7,plant stem tissue,13C,4.6,2026637,696679,H
BB-029-G1-010-29L-5,-31.60,1197.77,,Nemo-2023-BB-1,D8,plant stem tissue,13C,3.88,2026638,696680,H
BB-135-G1-010-29R-1,-29.05,1673.40,,Nemo-2023-BB-1,D9,plant stem tissue,13C,4.96,2026639,696681,H
BB-039-G2-010-30L-4,-29.90,1493.91,,Nemo-2023-BB-1,D10,plant stem tissue,13C,4.96,2026640,696682,H
BB-159-G1-011-31L-3,-29.84,1766.94,,Nemo-2023-BB-1,D11,plant stem tissue,13C,5.05,2026641,696683,H
BB-063-G1-011-31R-3,-29.44,1253.68,,Nemo-2023-BB-1,D12,plant stem tissue,13C,3.84,2026642,696684,H
BB-004-G1-011-32R-5,-30.11,1530.57,,Nemo-2023-BB-1,E1,plant stem tissue,13C,4.68,2026643,696691,H
BB-088-G1-011-33L-2,-30.45,1600.61,,Nemo-2023-BB-1,E2,plant stem tissue,13C,4.82,2026644,696692,H
BB-058-G2-012-34L-2,-29.25,1536.67,,Nemo-2023-BB-1,E3,plant stem tissue,13C,5.1,2026645,696693,H
BB-172-G1-012-34R-5,-30.19,1579.33,,Nemo-2023-BB-1,E4,plant stem tissue,13C,5.3,2026646,696694,H
BB-103-G1-012-35L-3,-29.97,1303.23,,Nemo-2023-BB-1,E5,plant stem tissue,13C,4.36,2026647,696695,H
BB-183-G1-012-35R-4,-31.78,1113.57,,Nemo-2023-BB-1,E6,plant stem tissue,13C,3.71,2026648,696696,H
BB-148-G2-012-36R-5,-28.97,1163.52,,Nemo-2023-BB-1,E7,plant stem tissue,13C,3.28,2026649,696697,H
BB-032-G1-013-37L-2,-29.20,1438.77,,Nemo-2023-BB-1,E8,plant stem tissue,13C,4.45,2026650,696698,H
BB-024-G1-013-37R-1,-29.73,622.46,,Nemo-2023-BB-1,E9,plant stem tissue,13C,1.93,2026651,696699,H
BB-089-G1-013-38L-1,-30.23,810.96,,Nemo-2023-BB-1,E10,plant stem tissue,13C,3.23,2026652,696700,H
BB-102-G1-013-39L-4,-30.47,791.87,,Nemo-2023-BB-1,E11,plant stem tissue,13C,2.67,2026653,696701,H
BB-048-G1-014-40L-2,-29.17,648.13,,Nemo-2023-BB-1,E12,plant stem tissue,13C,2.01,2026654,696702,H
BB-200-G2-014-41L-2,-28.50,686.57,,Nemo-2023-BB-1,F1,plant stem tissue,13C,2.11,2026655,696706,H
BB-207-G1-014-41R-1,-29.64,635.30,,Nemo-2023-BB-1,F2,plant stem tissue,13C,2.19,2026656,696707,H
BB-121-G1-014-42L-2,-32.87,654.55,,Nemo-2023-BB-1,F3,plant stem tissue,13C,1.63,2026657,696708,H
BB-189-G1-015-43L-3,-29.61,753.65,,Nemo-2023-BB-1,F4,plant stem tissue,13C,2.39,2026658,696709,H
BB-154-G1-015-44L-4,-31.01,1340.30,,Nemo-2023-BB-1,F5,plant stem tissue,13C,4.39,2026659,696710,H
BB-200-G1-015-44R-1,-29.14,641.72,,Nemo-2023-BB-1,F6,plant stem tissue,13C,2.02,2026660,696711,H
BB-157-G2-015-45L-2,-29.53,1082.29,,Nemo-2023-BB-1,F7,plant stem tissue,13C,4.05,2026661,696712,H
BB-103-G2-015-45R-2,-31.63,1016.41,,Nemo-2023-BB-1,F8,plant stem tissue,13C,2.45,2026662,696713,H
BB-071-G1-016-46L-1,-29.54,603.19,,Nemo-2023-BB-1,F9,plant stem tissue,13C,2.29,2026663,696714,H
BB-117-G1-016-46R-3,-30.74,1094.81,,Nemo-2023-BB-1,F10,plant stem tissue,13C,2.86,2026664,696715,H
BB-123-G1-016-47R-4,-31.10,1928.63,,Nemo-2023-BB-1,F11,plant stem tissue,13C,4.7,2026665,696716,H
BB-119-G1-016-48L-5,-30.77,1293.95,,Nemo-2023-BB-1,F12,plant stem tissue,13C,3.92,2026666,696717,H
BB-064-G1-016-48R-5,-29.01,782.74,,Nemo-2023-BB-1,G1,plant stem tissue,13C,2.71,2026667,696799,H
BB-205A-G1-017-49L-4,-29.86,1262.99,,Nemo-2023-BB-1,G2,plant stem tissue,13C,3.62,2026668,696800,H
BB-076-G2-017-49R-2,-30.91,920.22,,Nemo-2023-BB-1,G3,plant stem tissue,13C,3.25,2026669,696801,H
BB-120-G2-017-50R-1,-28.20,721.81,,Nemo-2023-BB-1,G4,plant stem tissue,13C,2.35,2026670,696802,H
BB-052-G1-017-51L-1,-30.19,783.36,,Nemo-2023-BB-1,G5,plant stem tissue,13C,1.78,2026671,696803,H
BB-159-G1-017-51R-2,-28.96,1127.70,,Nemo-2023-BB-1,G6,plant stem tissue,13C,3.23,2026672,696804,H
BB-171-G1-018-52L-3,-28.77,1062.71,,Nemo-2023-BB-1,G7,plant stem tissue,13C,2.79,2026673,696805,H
BB-031-G1-018-52R-1,-27.71,432.78,,Nemo-2023-BB-1,G8,plant stem tissue,13C,5.8,2026674,696806,H
BB-037-G2-018-53R-3,-29.33,1722.94,,Nemo-2023-BB-1,G9,plant stem tissue,13C,4.03,2026675,696807,H
BB-145-G2-018-54L-4,-30.01,450.90,,Nemo-2023-BB-1,G10,plant stem tissue,13C,1.2,2026676,696808,H
BB-074-G1-018-54R-2,-29.47,657.13,,Nemo-2023-BB-1,G11,plant stem tissue,13C,1.61,2026677,696809,H
BB-097-G1-019-55L-3,-28.28,987.40,,Nemo-2023-BB-1,G12,plant stem tissue,13C,2.43,2026678,696810,H
BB-018-G2-019-55R-4,-29.79,653.69,,Nemo-2023-BB-1,H1,plant stem tissue,13C,3.84,2026679,696817,H
BB-079-G1-019-56L-3,-30.76,567.14,,Nemo-2023-BB-1,H2,plant stem tissue,13C,1.46,2026680,696818,H
BB-104-G1-020-58L-3,-30.00,890.54,,Nemo-2023-BB-1,H3,plant stem tissue,13C,2.15,2026681,696819,H
BB-185-G1-020-58R-4,-31.33,1612.95,,Nemo-2023-BB-1,H4,plant stem tissue,13C,4.01,2026682,696820,H
BB-018-G2-020-59L-1,-31.11,753.99,,Nemo-2023-BB-1,H5,plant stem tissue,13C,2.31,2026683,696821,H
BB-051-G1-020-59R-3,-30.11,807.73,,Nemo-2023-BB-1,H6,plant stem tissue,13C,2.19,2026684,696822,H
BB-046-G2-020-60L-2,-28.62,1090.83,,Nemo-2023-BB-1,H7,plant stem tissue,13C,3.51,2026685,696823,H
BB-003-G1-020-60R-2,-29.98,1421.73,,Nemo-2023-BB-1,H8,plant stem tissue,13C,4.57,2026686,696824,H
BB-153-G2-021-61L-5,-30.19,1191.13,,Nemo-2023-BB-1,H9,plant stem tissue,13C,2.62,2026687,696825,H
BB-114-G2-021-61R-1,-29.73,899.60,,Nemo-2023-BB-1,H10,plant stem tissue,13C,2.19,2026688,696826,H
BB-043-G1-021-62L-5,-28.25,780.86,,Nemo-2023-BB-1,H11,plant stem tissue,13C,2.41,2026689,696827,H
BB-093-G2-021-62R-4,-28.21,1235.50,,Nemo-2023-BB-1,H12,plant stem tissue,13C,2.73,2026690,696828,H
BB-121-G1-021-63R-1,-28.10,1044.89,,Nemo-2023-BB-2,A1,plant stem tissue,13C,3.32,2026691,696833,H
BB-076-G2-022-64L-2,-30.31,1038.33,,Nemo-2023-BB-2,A2,plant stem tissue,13C,3.76,2026692,696834,H
BB-147-G1-022-65R-3,-28.83,1280.81,,Nemo-2023-BB-2,A3,plant stem tissue,13C,4.03,2026693,696835,H
BB-160-G2-022-66L-2,-28.03,773.05,,Nemo-2023-BB-2,A4,plant stem tissue,13C,2.21,2026694,696836,H
BB-035-G1-022-66R-5,-30.46,1049.58,,Nemo-2023-BB-2,A5,plant stem tissue,13C,2.68,2026695,696837,H
BB-019-G1-023-67L-4,-31.22,1145.82,,Nemo-2023-BB-2,A6,plant stem tissue,13C,3.31,2026696,696838,H
BB-105-G1-023-68R-3,-29.96,632.13,,Nemo-2023-BB-2,A7,plant stem tissue,13C,1.91,2026697,696839,H
BB-076-G1-023-69L-2,-29.94,1157.07,,Nemo-2023-BB-2,A8,plant stem tissue,13C,3.19,2026698,696840,H
BB-078-G2-023-69R-1,-30.22,829.61,,Nemo-2023-BB-2,A9,plant stem tissue,13C,2.42,2026699,696841,H
BB-017-G1-024-70L-4,-28.66,1533.59,,Nemo-2023-BB-2,A10,plant stem tissue,13C,4.88,2026700,696842,H
BB-171-G2-024-70R-2,-29.86,1023.33,,Nemo-2023-BB-2,A11,plant stem tissue,13C,2.32,2026701,696843,H
BB-109-G2-024-71L-5,-30.79,1019.27,,Nemo-2023-BB-2,A12,plant stem tissue,13C,2.66,2026702,696844,H
BB-199-G1-024-71R-1,-28.24,1476.10,,Nemo-2023-BB-2,B1,plant stem tissue,13C,3.86,2026703,696848,H
BB-084-G1-024-72L-2,-29.91,1394.85,,Nemo-2023-BB-2,B2,plant stem tissue,13C,4.36,2026704,696849,H
BB-214-G1-024-72R-2,-29.79,772.43,,Nemo-2023-BB-2,B3,plant stem tissue,13C,2.74,2026705,696850,H
BB-172-G1-025-73L-4,-30.47,1348.61,,Nemo-2023-BB-2,B4,plant stem tissue,13C,4.34,2026706,696851,H
BB-121-G2-025-73R-2,-29.24,1137.70,,Nemo-2023-BB-2,B5,plant stem tissue,13C,3.61,2026707,696852,H
BB-153-G2-025-74R-3,-30.35,1339.55,,Nemo-2023-BB-2,B6,plant stem tissue,13C,3.88,2026708,696853,H
BB-153-G1-025-75L-3,-30.50,1132.07,,Nemo-2023-BB-2,B7,plant stem tissue,13C,3.41,2026709,696854,H
BB-098-G2-025-75R-3,-29.82,1216.75,,Nemo-2023-BB-2,B8,plant stem tissue,13C,2.85,2026710,696855,H
BB-017-G2-026-76L-5,-30.22,821.17,,Nemo-2023-BB-2,B9,plant stem tissue,13C,2.53,2026711,696856,H
BB-072-G1-026-76R-5,-28.18,813.36,,Nemo-2023-BB-2,B10,plant stem tissue,13C,2.88,2026712,696857,H
BB-189-G2-026-77L-2,-30.03,1442.66,,Nemo-2023-BB-2,B11,plant stem tissue,13C,4.03,2026713,696858,H
BB-126-G1-027-79L-1,-29.66,1085.52,,Nemo-2023-BB-2,B12,plant stem tissue,13C,3.14,2026714,696859,H
BB-149-G1-027-79R-5,-27.92,769.30,,Nemo-2023-BB-2,C1,plant stem tissue,13C,2.18,2026715,696866,H
BB-163-G1-027-80L-5,-30.74,1351.42,,Nemo-2023-BB-2,C2,plant stem tissue,13C,4.28,2026716,696867,H
BB-013-G1-027-80R-5,-30.74,1359.86,,Nemo-2023-BB-2,C3,plant stem tissue,13C,4.58,2026717,696868,H
BB-020-G2-027-81R-2,-29.34,1081.45,,Nemo-2023-BB-2,C4,plant stem tissue,13C,3.68,2026718,696869,H
BB-008-G1-028-82L-1,-28.91,1111.76,,Nemo-2023-BB-2,C5,plant stem tissue,13C,2.92,2026719,696870,H
BB-059-G2-028-82R-4,-29.67,1164.57,,Nemo-2023-BB-2,C6,plant stem tissue,13C,3.05,2026720,696871,H
BB-080-G1-028-83L-2,-29.04,1245.18,,Nemo-2023-BB-2,C7,plant stem tissue,13C,3.89,2026721,696872,H
BB-185-G1-028-83R-1,-29.03,1499.84,,Nemo-2023-BB-2,C8,plant stem tissue,13C,3.82,2026722,696873,H
BB-021-G1-028-84L-3,-30.69,1206.13,,Nemo-2023-BB-2,C9,plant stem tissue,13C,3.66,2026723,696874,H
BB-152-G1-028-84R-4,-31.52,816.80,,Nemo-2023-BB-2,C10,plant stem tissue,13C,2.35,2026724,696875,H
BB-104-G2-029-85L-2,-29.56,1124.26,,Nemo-2023-BB-2,C11,plant stem tissue,13C,2.74,2026725,696876,H
BB-216-G1-029-86L-5,-30.65,1224.87,,Nemo-2023-BB-2,C12,plant stem tissue,13C,3.42,2026726,696877,H
BB-190-G2-029-86R-3,-30.95,1100.83,,Nemo-2023-BB-2,D1,plant stem tissue,13C,3.33,2026727,696881,H
BB-060-G1-029-87L-5,-30.27,1622.33,,Nemo-2023-BB-2,D2,plant stem tissue,13C,4.19,2026728,696882,H
BB-052-G1-029-87R-1,-30.31,1765.44,,Nemo-2023-BB-2,D3,plant stem tissue,13C,5.1,2026729,696883,H
BB-127-G1-030-88L-5,-29.83,739.93,,Nemo-2023-BB-2,D4,plant stem tissue,13C,1.89,2026730,696884,H
BB-074-G1-030-90L-2,-29.43,729.93,,Nemo-2023-BB-2,D5,plant stem tissue,13C,2.27,2026731,696885,H
BB-084-G1-030-90R-4,-30.22,1618.58,,Nemo-2023-BB-2,D6,plant stem tissue,13C,4.58,2026732,696886,H
BB-094-G1-031-91R-2,-30.22,1070.83,,Nemo-2023-BB-2,D7,plant stem tissue,13C,2.74,2026733,696887,H
BB-019-G2-031-92L-3,-31.03,1456.10,,Nemo-2023-BB-2,D8,plant stem tissue,13C,4.07,2026734,696888,H
BB-039-G2-032-94L-1,-28.48,1133.95,,Nemo-2023-BB-2,D9,plant stem tissue,13C,3.22,2026735,696889,H
BB-119-G1-032-94R-2,-28.80,1330.49,,Nemo-2023-BB-2,D10,plant stem tissue,13C,4.25,2026736,696890,H
BB-151-G1-032-95R-3,-28.70,1525.46,,Nemo-2023-BB-2,D11,plant stem tissue,13C,3.85,2026737,696891,H
BB-044-G1-032-96L-4,-30.60,1694.82,,Nemo-2023-BB-2,D12,plant stem tissue,13C,4.18,2026738,696892,H
BB-207-G2-032-96R-2,-29.40,1091.82,,Nemo-2023-BB-2,E1,plant stem tissue,13C,3.03,2026739,696974,H
BB-078-G1-033-97L-3,-29.49,1160.30,,Nemo-2023-BB-2,E2,plant stem tissue,13C,3.83,2026740,696975,H
BB-163-G1-033-97R-4,-29.00,1043.98,,Nemo-2023-BB-2,E3,plant stem tissue,13C,2.7,2026741,696976,H
BB-192-G1-033-98R-5,-30.52,1509.58,,Nemo-2023-BB-2,E4,plant stem tissue,13C,4.37,2026742,696977,H
BB-049-G1-034-100L-5,-28.41,1235.66,,Nemo-2023-BB-2,E5,plant stem tissue,13C,4.03,2026743,696978,H
BB-135-G2-034-100R-2,-29.22,1553.98,,Nemo-2023-BB-2,E6,plant stem tissue,13C,3.74,2026744,696979,H
BB-004-G1-034-101L-4,-27.38,942.98,,Nemo-2023-BB-2,E7,plant stem tissue,13C,3.92,2026745,696980,H
BB-210-G2-034-101R-2,-29.76,1034.91,,Nemo-2023-BB-2,E8,plant stem tissue,13C,2.51,2026746,696981,H
BB-037-G1-034-102L-2,-29.81,689.08,,Nemo-2023-BB-2,E9,plant stem tissue,13C,1.64,2026747,696982,H
BB-201-G1-034-102R-1,-30.65,1366.36,,Nemo-2023-BB-2,E10,plant stem tissue,13C,3.7,2026748,696983,H
BB-021-G2-035-103L-2,-29.44,1163.12,,Nemo-2023-BB-2,E11,plant stem tissue,13C,2.72,2026749,696984,H
BB-148-G2-035-103R-3,-29.27,1306.95,,Nemo-2023-BB-2,E12,plant stem tissue,13C,3.86,2026750,696985,H
BB-119-G1-035-104L-4,-29.51,1199.70,,Nemo-2023-BB-2,F1,plant stem tissue,13C,4.03,2026751,696992,H
BB-019-G1-035-104R-4,-29.92,861.06,,Nemo-2023-BB-2,F2,plant stem tissue,13C,2.69,2026752,696993,H
BB-046-G2-035-105L-5,-29.42,1513.33,,Nemo-2023-BB-2,F3,plant stem tissue,13C,5.29,2026753,696994,H
BB-008-G1-035-105R-1,-28.16,1472.05,,Nemo-2023-BB-2,F4,plant stem tissue,13C,3.84,2026754,696995,H
BB-185-G2-036-106L-3,-27.98,955.80,,Nemo-2023-BB-2,F5,plant stem tissue,13C,2.52,2026755,696996,H
BB-046-G1-036-106R-3,-28.36,1372.62,,Nemo-2023-BB-2,F6,plant stem tissue,13C,4,2026756,696997,H
BB-010-G1-036-107L-1,-28.58,1421.71,,Nemo-2023-BB-2,F7,plant stem tissue,13C,4.02,2026757,696998,H
BB-159-G1-036-107R-3,-28.68,1338.53,,Nemo-2023-BB-2,F8,plant stem tissue,13C,3.75,2026758,696999,H
BB-101-G2-036-108L-3,-28.53,1240.66,,Nemo-2023-BB-2,F9,plant stem tissue,13C,3.72,2026759,697000,H
BB-154-G1-036-108R-1,-29.95,1733.15,,Nemo-2023-BB-2,F10,plant stem tissue,13C,4.97,2026760,697001,H
BB-018-G1-037-109R-3,-27.63,1490.81,,Nemo-2023-BB-2,F11,plant stem tissue,13C,4.1,2026761,697002,H
BB-153-G2-037-110L-5,-28.72,1333.53,,Nemo-2023-BB-2,F12,plant stem tissue,13C,3.3,2026762,697003,H
BB-077-G1-037-110R-5,-29.44,1660.29,,Nemo-2023-BB-2,G1,plant stem tissue,13C,4.19,2026763,697008,H
BB-205A-G1-037-111L-4,-28.62,1239.10,,Nemo-2023-BB-2,G2,plant stem tissue,13C,3.85,2026764,697009,H
BB-121-G2-037-111R-5,-30.59,1335.09,,Nemo-2023-BB-2,G3,plant stem tissue,13C,4.25,2026765,697010,H
BB-063-G1-038-112L-2,-30.21,1367.93,,Nemo-2023-BB-2,G4,plant stem tissue,13C,3.43,2026766,697011,H
BB-087-G1-038-112R-5,-26.33,965.50,,Nemo-2023-BB-2,G5,plant stem tissue,13C,2.66,2026767,697012,H
BB-147-G1-038-113L-2,-28.83,1320.40,,Nemo-2023-BB-2,G6,plant stem tissue,13C,3.65,2026768,697013,H
BB-147-G1-038-113R-2,-27.52,1525.21,,Nemo-2023-BB-2,G7,plant stem tissue,13C,3.91,2026769,697014,H
BB-089-G1-038-114L-5,-28.63,1402.01,,Nemo-2023-BB-2,G8,plant stem tissue,13C,4.25,2026770,697015,H
BB-116-G1-038-114R-3,-29.55,1506.76,,Nemo-2023-BB-2,G9,plant stem tissue,13C,4.19,2026771,697016,H
BB-133-G1-039-115R-4,-29.89,1656.23,,Nemo-2023-BB-2,G10,plant stem tissue,13C,3.82,2026772,697017,H
BB-034-G1-039-116L-2,-29.12,1520.52,,Nemo-2023-BB-2,G11,plant stem tissue,13C,4.62,2026773,697018,H
BB-046-G1-039-116R-4,-30.33,1813.20,,Nemo-2023-BB-2,G12,plant stem tissue,13C,4.66,2026774,697019,H
BB-039-G1-039-117L-5,-27.44,922.03,,Nemo-2023-BB-2,H1,plant stem tissue,13C,2.53,2026775,697023,H
BB-164-G1-039-117R-3,-30.07,1810.38,,Nemo-2023-BB-2,H2,plant stem tissue,13C,4.89,2026776,697024,H
BB-029-G2-040-118L-5,-30.00,1351.04,,Nemo-2023-BB-2,H3,plant stem tissue,13C,3.97,2026777,697025,H
BB-025-G1-040-118R-4,-28.21,921.41,,Nemo-2023-BB-2,H4,plant stem tissue,13C,3.09,2026778,697026,H
BB-051-G2-040-119L-1,-28.68,1282.56,,Nemo-2023-BB-2,H5,plant stem tissue,13C,3.37,2026779,697027,H
BB-021-G1-040-119R-3,-29.90,945.17,,Nemo-2023-BB-2,H6,plant stem tissue,13C,2.4,2026780,697028,H
BB-054-G1-040-120L-2,-28.52,1603.38,,Nemo-2023-BB-2,H7,plant stem tissue,13C,4.54,2026781,697029,H
BB-183-G1-040-120R-5,-28.40,1358.23,,Nemo-2023-BB-2,H8,plant stem tissue,13C,3.36,2026782,697030,H
BB-189-G1-041-121L-3,-28.23,1246.92,,Nemo-2023-BB-2,H9,plant stem tissue,13C,3.42,2026783,697031,H
BB-132-G2-041-121R-2,-27.10,1686.87,,Nemo-2023-BB-2,H10,plant stem tissue,13C,4.96,2026784,697032,H
BB-187-G1-041-122L-5,-27.92,1573.05,,Nemo-2023-BB-2,H11,plant stem tissue,13C,3.93,2026785,697033,H
BB-134-G2-041-122R-1,-27.28,811.96,,Nemo-2023-BB-2,H12,plant stem tissue,13C,1.98,2026786,697034,H
BB-113-G1-041-123L-4,-29.18,1045.23,,Nemo-2023-BB-3,A1,plant stem tissue,13C,2.21,2026787,697041,H
BB-151-G1-042-124L-5,-30.01,847.61,,Nemo-2023-BB-3,A2,plant stem tissue,13C,1.11,2026788,697042,H
BB-149-G1-042-125L-1,-27.82,1136.54,,Nemo-2023-BB-3,A3,plant stem tissue,13C,1.9,2026789,697043,H
BB-109-G2-042-125R-1,-28.96,1500.51,,Nemo-2023-BB-3,A4,plant stem tissue,13C,3.44,2026790,697044,H
BB-189-G2-042-126R-2,-32.08,655.93,,Nemo-2023-BB-3,A5,plant stem tissue,13C,1.39,2026791,697045,H
BB-120-G1-043-127L-5,-28.12,1546.79,,Nemo-2023-BB-3,A6,plant stem tissue,13C,4.08,2026792,697046,H
BB-039-G1-043-127R-2,-28.83,697.83,,Nemo-2023-BB-3,A7,plant stem tissue,13C,1.48,2026793,697047,H
BB-010-G1-043-128L-3,-29.64,1860.41,,Nemo-2023-BB-3,A8,plant stem tissue,13C,4.58,2026794,697048,H
BB-206-G1-043-128R-1,-30.50,1550.23,,Nemo-2023-BB-3,A9,plant stem tissue,13C,3.91,2026795,697049,H
BB-040-G1-043-129L-2,-30.14,1334.16,,Nemo-2023-BB-3,A10,plant stem tissue,13C,3.45,2026796,697050,H
BB-089-G1-043-129R-1,-30.60,1332.91,,Nemo-2023-BB-3,A11,plant stem tissue,13C,3.44,2026797,697051,H
BB-027-G1-044-130L-2,-29.04,1033.97,,Nemo-2023-BB-3,A12,plant stem tissue,13C,3.11,2026798,697052,H
BB-152-G1-044-130R-1,-30.70,1822.89,,Nemo-2023-BB-3,B1,plant stem tissue,13C,4.94,2026799,697056,H
BB-138-G1-044-131L-5,-28.75,1472.68,,Nemo-2023-BB-3,B2,plant stem tissue,13C,4.06,2026800,697057,H
BB-114-G1-044-131R-1,-29.80,982.38,,Nemo-2023-BB-3,B3,plant stem tissue,13C,2.78,2026801,697058,H
BB-199-G1-044-132R-1,-29.53,1366.68,,Nemo-2023-BB-3,B4,plant stem tissue,13C,3.77,2026802,697059,H
BB-053-G2-045-133L-1,-29.60,1741.90,,Nemo-2023-BB-3,B5,plant stem tissue,13C,4.72,2026803,697060,H
BB-039-G2-045-133R-5,-28.73,1685.62,,Nemo-2023-BB-3,B6,plant stem tissue,13C,4.78,2026804,697061,H
BB-200-G1-045-134L-1,-27.89,1115.27,,Nemo-2023-BB-3,B7,plant stem tissue,13C,2.75,2026805,697062,H
BB-110-G1-045-134R-5,-30.23,1619.02,,Nemo-2023-BB-3,B8,plant stem tissue,13C,4.3,2026806,697063,H
BB-135-G2-045-135L-1,-28.84,1555.23,,Nemo-2023-BB-3,B9,plant stem tissue,13C,3.76,2026807,697064,H
BB-013-G2-045-135R-4,-30.58,1730.65,,Nemo-2023-BB-3,B10,plant stem tissue,13C,4.4,2026808,697065,H
BB-088-G2-046-136L-3,-27.96,1726.89,,Nemo-2023-BB-3,B11,plant stem tissue,13C,4.25,2026809,697066,H
BB-193-G2-046-137L-4,-29.02,961.43,,Nemo-2023-BB-3,B12,plant stem tissue,13C,2.57,2026810,697067,H
BB-109-G1-046-137R-4,-28.87,1298.61,,Nemo-2023-BB-3,C1,plant stem tissue,13C,4,2026811,698157,H
BB-137-G1-046-138L-2,-29.23,1833.08,,Nemo-2023-BB-3,C2,plant stem tissue,13C,5.51,2026812,698158,H
BB-117-G1-046-138R-4,-28.96,857.89,,Nemo-2023-BB-3,C3,plant stem tissue,13C,1.87,2026813,698159,H
BB-209-G1-047-139L-2,-28.31,1845.49,,Nemo-2023-BB-3,C4,plant stem tissue,13C,3.62,2026814,698160,H
BB-105-G2-047-139R-1,-28.59,1453.62,,Nemo-2023-BB-3,C5,plant stem tissue,13C,3.13,2026815,698161,H
BB-134-G2-047-140L-2,-29.28,1231.29,,Nemo-2023-BB-3,C6,plant stem tissue,13C,3.08,2026816,698162,H
BB-186-G1-047-140R-1,-29.42,1251.63,,Nemo-2023-BB-3,C7,plant stem tissue,13C,4.08,2026817,698163,H
BB-134-G1-047-141L-3,-29.96,1369.83,,Nemo-2023-BB-3,C8,plant stem tissue,13C,3.39,2026818,698164,H
BB-138-G2-047-141R-4,-29.94,1530.93,,Nemo-2023-BB-3,C9,plant stem tissue,13C,1.65,2026819,698165,H
BB-200-G2-048-142R-5,-28.58,703.47,,Nemo-2023-BB-3,C10,plant stem tissue,13C,4.46,2026820,698166,H
BB-045-G1-048-143L-3,-28.04,1708.93,,Nemo-2023-BB-3,C11,plant stem tissue,13C,4.32,2026821,698167,H
BB-009-G1-048-143R-3,-29.60,1610.45,,Nemo-2023-BB-3,C12,plant stem tissue,13C,4.19,2026822,698168,H
BB-054-G1-048-144L-4,-29.16,1606.04,,Nemo-2023-BB-3,D1,plant stem tissue,13C,4.18,2026823,698175,H
BB-043-G1-049-145L-1,-29.40,1478.41,,Nemo-2023-BB-3,D2,plant stem tissue,13C,4.32,2026824,698176,H
BB-085-G1-049-146L-4,-30.13,2090.12,,Nemo-2023-BB-3,D3,plant stem tissue,13C,3.83,2026825,698177,H
BB-208-G1-049-147L-3,-30.76,1548.44,,Nemo-2023-BB-3,D4,plant stem tissue,13C,3.11,2026826,698178,H
BB-054-G2-049-147R-3,-28.60,1298.11,,Nemo-2023-BB-3,D5,plant stem tissue,13C,4.38,2026827,698179,H
BB-145-G1-050-148L-2,-29.95,1310.32,,Nemo-2023-BB-3,D6,plant stem tissue,13C,4.21,2026828,698180,H
BB-146-G2-050-148R-5,-30.19,1543.46,,Nemo-2023-BB-3,D7,plant stem tissue,13C,4.91,2026829,698181,H
BB-126-G1-050-149L-1,-30.73,951.20,,Nemo-2023-BB-3,D8,plant stem tissue,13C,3.16,2026830,698182,H
BB-157-G2-050-149R-2,-30.92,1114.28,,Nemo-2023-BB-3,D9,plant stem tissue,13C,3.12,2026831,698183,H
BB-059-G1-050-150L-1,-28.43,1559.71,,Nemo-2023-BB-3,D10,plant stem tissue,13C,4.67,2026832,698184,H
BB-189-G2-051-151R-3,-29.73,784.93,,Nemo-2023-BB-3,D11,plant stem tissue,13C,1.55,2026833,698185,H
BB-088-G2-051-152R-5,-30.73,1589.44,,Nemo-2023-BB-3,D12,plant stem tissue,13C,4.87,2026834,698186,H
BB-002-G1-051-153L-1,-30.58,1401.72,,Nemo-2023-BB-3,E1,plant stem tissue,13C,3.95,2026835,698191,H
BB-145-G1-051-153R-3,-30.34,1519.21,,Nemo-2023-BB-3,E2,plant stem tissue,13C,5.01,2026836,698192,H
BB-111-G2-052-154R-1,-30.15,1138.16,,Nemo-2023-BB-3,E3,plant stem tissue,13C,3.88,2026837,698193,H
BB-206-G2-052-155L-4,-29.48,1048.76,,Nemo-2023-BB-3,E4,plant stem tissue,13C,3.17,2026838,698194,H
BB-143-G1-052-155R-5,-30.10,856.95,,Nemo-2023-BB-3,E5,plant stem tissue,13C,2.32,2026839,698195,H
BB-190-G2-052-156L-3,-29.96,794.46,,Nemo-2023-BB-3,E6,plant stem tissue,13C,2.01,2026840,698196,H
BB-007-G1-052-156R-5,-28.05,1403.50,,Nemo-2023-BB-3,E7,plant stem tissue,13C,3.51,2026841,698197,H
BB-020-G2-053-157L-4,-29.91,925.14,,Nemo-2023-BB-3,E8,plant stem tissue,13C,2.09,2026842,698198,H
BB-116-G2-053-158L-2,-30.16,902.12,,Nemo-2023-BB-3,E9,plant stem tissue,13C,2.27,2026843,698199,H
BB-192-G1-053-158R-2,-29.86,847.41,,Nemo-2023-BB-3,E10,plant stem tissue,13C,2.15,2026844,698200,H
BB-104-G1-053-159L-1,-29.22,1152.77,,Nemo-2023-BB-3,E11,plant stem tissue,13C,2.72,2026845,698201,H
BB-146-G1-053-159R-2,-28.67,1099.89,,Nemo-2023-BB-3,E12,plant stem tissue,13C,2.69,2026846,698202,H
BB-064-G1-054-160L-5,-28.42,1245.02,,Nemo-2023-BB-3,F1,plant stem tissue,13C,3.14,2026847,698206,H
BB-114-G2-054-160R-4,-27.72,1007.41,,Nemo-2023-BB-3,F2,plant stem tissue,13C,3.11,2026848,698207,H
BB-060-G2-054-161L-2,-27.44,1014.63,,Nemo-2023-BB-3,F3,plant stem tissue,13C,2.53,2026849,698208,H
BB-048-G1-054-162R-4,-29.94,1443.94,,Nemo-2023-BB-3,F4,plant stem tissue,13C,4.08,2026850,698209,H
BB-211-G1-055-163L-5,-28.32,948.83,,Nemo-2023-BB-3,F5,plant stem tissue,13C,2.15,2026851,698210,H
BB-114-G1-055-163R-2,-28.75,762.85,,Nemo-2023-BB-3,F6,plant stem tissue,13C,2.07,2026852,698211,H
BB-143-G2-055-164L-4,-30.14,921.21,,Nemo-2023-BB-3,F7,plant stem tissue,13C,2.43,2026853,698212,H
BB-079-G1-055-164R-3,-30.05,867.69,,Nemo-2023-BB-3,F8,plant stem tissue,13C,2.49,2026854,698213,H
BB-092-G1-055-165R-2,-30.27,769.24,,Nemo-2023-BB-3,F9,plant stem tissue,13C,1.77,2026855,698214,H
BB-131-G2-056-167L-1,-31.18,1015.43,,Nemo-2023-BB-3,F10,plant stem tissue,13C,3.64,2026856,698215,H
BB-059-G1-056-167R-3,-27.46,1018.72,,Nemo-2023-BB-3,F11,plant stem tissue,13C,2.8,2026857,698216,H
BB-109-G1-056-168L-3,-29.44,1276.71,,Nemo-2023-BB-3,F12,plant stem tissue,13C,4.01,2026858,698217,H
BB-030-G1-056-168R-1,-29.82,755.90,,Nemo-2023-BB-3,G1,plant stem tissue,13C,1.6,2026859,698224,H
BB-117-G2-057-169R-1,-27.40,1158.53,,Nemo-2023-BB-3,G2,plant stem tissue,13C,3.06,2026860,698225,H
BB-076-G2-057-170R-5,-28.89,1102.68,,Nemo-2023-BB-3,G3,plant stem tissue,13C,2.84,2026861,698226,H
BB-118-G1-057-171L-3,-27.50,1333.04,,Nemo-2023-BB-3,G4,plant stem tissue,13C,3.38,2026862,698227,H
BB-030-G1-057-171R-4,-28.85,1406.86,,Nemo-2023-BB-3,G5,plant stem tissue,13C,3.51,2026863,698228,H
BB-211-G1-058-172L-4,-29.39,1511.63,,Nemo-2023-BB-3,G6,plant stem tissue,13C,4.05,2026864,698229,H
BB-056-G1-058-172R-1,-28.91,1315.52,,Nemo-2023-BB-3,G7,plant stem tissue,13C,3.61,2026865,698230,H
BB-093-G1-058-173L-2,-30.48,1069.45,,Nemo-2023-BB-3,G8,plant stem tissue,13C,2.2,2026866,698231,H
BB-145-G2-058-173R-4,-28.37,1019.17,,Nemo-2023-BB-3,G9,plant stem tissue,13C,2.27,2026867,698232,H
BB-045-G2-058-174L-4,-29.27,977.59,,Nemo-2023-BB-3,G10,plant stem tissue,13C,1.98,2026868,698233,H
BB-027-G1-058-174R-4,-29.79,1227.22,,Nemo-2023-BB-3,G11,plant stem tissue,13C,3.66,2026869,698234,H
BB-166-G2-059-175L-4,-29.97,1058.81,,Nemo-2023-BB-3,G12,plant stem tissue,13C,3.06,2026870,698235,H
BB-013-G1-059-175R-1,-28.73,1166.13,,Nemo-2023-BB-3,H1,plant stem tissue,13C,3.35,2026871,698239,H
BB-019-G1-059-176L-1,-29.37,1651.79,,Nemo-2023-BB-3,H2,plant stem tissue,13C,4.07,2026872,698240,H
BB-199-G1-059-177R-4,-28.15,746.19,,Nemo-2023-BB-3,H3,plant stem tissue,13C,1.72,2026873,698241,H
BB-072-G1-060-178L-5,-29.07,756.70,,Nemo-2023-BB-3,H4,plant stem tissue,13C,1.79,2026874,698242,H
BB-170-G1-060-178R-4,-28.63,850.15,,Nemo-2023-BB-3,H5,plant stem tissue,13C,2.06,2026875,698243,H
BB-019-G2-060-179R-5,-29.49,929.30,,Nemo-2023-BB-3,H6,plant stem tissue,13C,1.81,2026876,698244,H
BB-172-G1-060-180R-5,-28.06,558.29,,Nemo-2023-BB-3,H7,plant stem tissue,13C,1.29,2026877,698245,H
BB-150-G2-061-181L-2,-30.44,728.83,,Nemo-2023-BB-3,H8,plant stem tissue,13C,1.48,2026878,698246,H
BB-210-G1-061-181R-4,-28.58,511.20,,Nemo-2023-BB-3,H9,plant stem tissue,13C,1.74,2026879,698247,H
BB-218-G1-061-182R-1,-28.79,1284.03,,Nemo-2023-BB-3,H10,plant stem tissue,13C,3.92,2026880,698248,H
BB-133-G1-061-183L-2,-28.40,877.12,,Nemo-2023-BB-3,H11,plant stem tissue,13C,2.3,2026881,698249,H
BB-052-G2-062-184L-4,-29.02,859.69,,Nemo-2023-BB-3,H12,plant stem tissue,13C,2.72,2026882,698250,H
BB-161-G1-062-184R-1,-28.47,1314.71,,Nemo-2023-BB-4,A1,plant stem tissue,13C,3.01,2026883,697324,H
BB-111-G1-062-185L-1,-28.35,1120.92,,Nemo-2023-BB-4,A2,plant stem tissue,13C,2.88,2026884,697325,H
BB-058-G1-062-185R-3,-29.29,698.56,,Nemo-2023-BB-4,A3,plant stem tissue,13C,1.49,2026885,697326,H
BB-017-G2-062-186L-3,-29.94,1454.54,,Nemo-2023-BB-4,A4,plant stem tissue,13C,4.25,2026886,697327,H
BB-093-G1-062-186R-3,-29.38,1005.04,,Nemo-2023-BB-4,A5,plant stem tissue,13C,2.95,2026887,697328,H
BB-123-G2-063-187L-2,-27.71,1241.60,,Nemo-2023-BB-4,A6,plant stem tissue,13C,3.51,2026888,697329,H
BB-131-G1-063-187R-3,-29.68,1277.36,,Nemo-2023-BB-4,A7,plant stem tissue,13C,2.95,2026889,697330,H
BB-034-G1-063-189L-4,-29.46,1064.42,,Nemo-2023-BB-4,A8,plant stem tissue,13C,3.11,2026890,697331,H
BB-210-G1-063-189R-2,-30.92,532.55,,Nemo-2023-BB-4,A9,plant stem tissue,13C,1.04,2026891,697332,H
BB-025-G1-064-190L-3,-28.43,1278.31,,Nemo-2023-BB-4,A10,plant stem tissue,13C,4.54,2026892,697333,H
BB-095-G1-064-191L-1,-28.01,677.17,,Nemo-2023-BB-4,A11,plant stem tissue,13C,2.63,2026893,697334,H
BB-086-G1-064-191R-4,-29.07,1564.36,,Nemo-2023-BB-4,A12,plant stem tissue,13C,4.8,2026894,697335,H
BB-113-G1-064-192L-5,-28.26,1070.16,,Nemo-2023-BB-4,B1,plant stem tissue,13C,3.88,2026895,697342,H
BB-016-G1-064-192R-3,-28.65,1150.93,,Nemo-2023-BB-4,B2,plant stem tissue,13C,3.48,2026896,697343,H
BB-084-G1-065-193L-3,-28.66,1384.62,,Nemo-2023-BB-4,B3,plant stem tissue,13C,4.72,2026897,697344,H
BB-077-G1-065-194L-2,-27.20,1196.27,,Nemo-2023-BB-4,B4,plant stem tissue,13C,3.94,2026898,697345,H
BB-160-G1-065-195R-5,-26.67,968.96,,Nemo-2023-BB-4,B5,plant stem tissue,13C,3.85,2026899,697346,H
BB-093-G2-066-197L-3,-28.70,1287.89,,Nemo-2023-BB-4,B6,plant stem tissue,13C,4.34,2026900,697347,H
BB-081-G1-066-197R-1,-28.75,685.79,,Nemo-2023-BB-4,B7,plant stem tissue,13C,2.85,2026901,697348,H
BB-157-G1-066-198L-5,-27.26,859.14,,Nemo-2023-BB-4,B8,plant stem tissue,13C,2.4,2026902,697349,H
BB-205A-G2-066-198R-5,-31.17,789.86,,Nemo-2023-BB-4,B9,plant stem tissue,13C,2.48,2026903,697350,H
BB-193-G1-067-199R-1,-30.73,1433.47,,Nemo-2023-BB-4,B10,plant stem tissue,13C,4.71,2026904,697351,H
BB-050-G1-067-200L-4,-28.86,1057.71,,Nemo-2023-BB-4,B11,plant stem tissue,13C,2.17,2026905,697352,H
BB-201-G1-067-200R-2,-29.07,830.73,,Nemo-2023-BB-4,B12,plant stem tissue,13C,2.66,2026906,697353,H
BB-032-G1-067-201L-3,-28.54,543.40,,Nemo-2023-BB-4,C1,plant stem tissue,13C,1.59,2026907,697358,H
BB-024-G1-068-204L-2,-28.50,1533.07,,Nemo-2023-BB-4,C2,plant stem tissue,13C,4,2026908,697359,H
BB-040-G1-068-204R-1,-28.93,1222.76,,Nemo-2023-BB-4,C3,plant stem tissue,13C,4.38,2026909,697360,H
BB-131-G2-069-205L-1,-30.20,730.48,,Nemo-2023-BB-4,C4,plant stem tissue,13C,2.37,2026910,697361,H
BB-081-G1-069-205R-2,-30.01,969.60,,Nemo-2023-BB-4,C5,plant stem tissue,13C,3.43,2026911,697362,H
BB-211-G1-069-206L-4,-28.96,1044.62,,Nemo-2023-BB-4,C6,plant stem tissue,13C,2.57,2026912,697363,H
BB-079-G1-069-206R-5,-28.29,1521.26,,Nemo-2023-BB-4,C7,plant stem tissue,13C,5.41,2026913,697364,H
BB-054-G1-069-207L-2,-28.91,1021.96,,Nemo-2023-BB-4,C8,plant stem tissue,13C,3.39,2026914,697365,H
BB-120-G1-069-207R-1,-29.91,873.83,,Nemo-2023-BB-4,C9,plant stem tissue,13C,2.83,2026915,697366,H
BB-046-G1-070-209L-2,-29.06,861.06,,Nemo-2023-BB-4,C10,plant stem tissue,13C,3.11,2026916,697367,H
BB-063-G1-070-209R-5,-30.03,916.92,,Nemo-2023-BB-4,C11,plant stem tissue,13C,2.42,2026917,697368,H
BB-002-G1-071-211L-4,-31.22,597.99,,Nemo-2023-BB-4,C12,plant stem tissue,13C,2.62,2026918,697369,H
BB-098-G1-071-212L-3,-29.91,398.15,,Nemo-2023-BB-4,D1,plant stem tissue,13C,2.24,2026919,697373,H
BB-215-G2-071-212R-1,-28.60,911.82,,Nemo-2023-BB-4,D2,plant stem tissue,13C,3.15,2026920,697374,H
BB-097-G1-071-213L-5,-29.24,659.93,,Nemo-2023-BB-4,D3,plant stem tissue,13C,2.68,2026921,697375,H
BB-139-G2-072-215L-2,-28.63,1447.52,,Nemo-2023-BB-4,D4,plant stem tissue,13C,4.53,2026922,697376,H
BB-134-G1-073-217L-4,-28.73,1021.96,,Nemo-2023-BB-4,D5,plant stem tissue,13C,3.64,2026923,697377,H
BB-004-G2-074-220L-2,-28.30,1347.59,,Nemo-2023-BB-4,D6,plant stem tissue,13C,4.35,2026924,697378,H
BB-121-G2-074-221R-4,-29.22,1020.04,,Nemo-2023-BB-4,D7,plant stem tissue,13C,3.13,2026925,697379,H
BB-135-G1-074-222L-4,-29.00,1221.17,,Nemo-2023-BB-4,D8,plant stem tissue,13C,3.85,2026926,697380,H
BB-164-G1-074-222R-4,-28.93,824.34,,Nemo-2023-BB-4,D9,plant stem tissue,13C,2.21,2026927,697381,H
BB-029-G2-076-226L-2,-28.79,1069.53,,Nemo-2023-BB-4,D10,plant stem tissue,13C,4.15,2026928,697382,H
BB-078-G1-078-232L-3,-29.17,1266.82,,Nemo-2023-BB-4,D11,plant stem tissue,13C,3.98,2026929,697383,H
BB-135-G1-078-233R-5,-29.54,1462.52,,Nemo-2023-BB-4,D12,plant stem tissue,13C,3.86,2026930,697384,H
BB-077-G1-079-235L-1,-29.01,823.38,,Nemo-2023-BB-4,E1,plant stem tissue,13C,2.4,2026931,697391,H
BB-131-G1-079-235R-2,-28.93,1318.86,,Nemo-2023-BB-4,E2,plant stem tissue,13C,4.45,2026932,697392,H
BB-045-G1-079-236L-3,-29.87,1523.82,,Nemo-2023-BB-4,E3,plant stem tissue,13C,4.92,2026933,697393,H
BB-158-G1-079-236R-5,-31.04,853.07,,Nemo-2023-BB-4,E4,plant stem tissue,13C,2.81,2026934,697394,H
BB-095-G1-079-237L-4,-29.51,926.18,,Nemo-2023-BB-4,E5,plant stem tissue,13C,2.78,2026935,697395,H
BB-186-G1-079-237R-1,-30.75,1147.42,,Nemo-2023-BB-4,E6,plant stem tissue,13C,3.25,2026936,697396,H
BB-123-G2-080-238R-4,-27.67,733.04,,Nemo-2023-BB-4,E7,plant stem tissue,13C,2.46,2026937,697397,H
BB-003-G1-080-239L-5,-29.93,1467.95,,Nemo-2023-BB-4,E8,plant stem tissue,13C,4.49,2026938,697398,H
BB-204-G1-080-239R-1,-28.58,1274.80,,Nemo-2023-BB-4,E9,plant stem tissue,13C,4.5,2026939,697399,H
BB-170-G1-081-241R-5,-29.49,1323.97,,Nemo-2023-BB-4,E10,plant stem tissue,13C,4.55,2026940,697400,H
BB-049-G1-081-243L-2,-28.83,1240.96,,Nemo-2023-BB-4,E11,plant stem tissue,13C,3.69,2026941,697401,H
BB-053-G2-081-243R-3,-31.22,1644.17,,Nemo-2023-BB-4,E12,plant stem tissue,13C,5.33,2026942,697402,H
BB-170-G1-082-244L-2,-29.35,1715.05,,Nemo-2023-BB-4,F1,plant stem tissue,13C,5.35,2026943,697406,H
BB-060-G1-082-244R-3,-30.60,2051.22,,Nemo-2023-BB-4,F2,plant stem tissue,13C,5.78,2026944,697407,H
BB-040-G1-082-245L-4,-28.49,1860.62,,Nemo-2023-BB-4,F3,plant stem tissue,13C,5.74,2026945,697408,H
BB-215-G2-082-246L-5,-28.72,1773.15,,Nemo-2023-BB-4,F4,plant stem tissue,13C,6.01,2026946,697409,H
BB-056-G1-083-247L-3,-29.22,1748.57,,Nemo-2023-BB-4,F5,plant stem tissue,13C,5.52,2026947,697410,H
BB-002-G2-083-248R-4,-28.30,832.64,,Nemo-2023-BB-4,F6,plant stem tissue,13C,2.8,2026948,697411,H
BB-031-G1-083-249L-3,-29.55,1262.99,,Nemo-2023-BB-4,F7,plant stem tissue,13C,4.15,2026949,697412,H
BB-089-G2-083-249R-5,-29.26,1443.05,,Nemo-2023-BB-4,F8,plant stem tissue,13C,5.01,2026950,697413,H
BB-205A-G1-084-250R-2,-29.34,1633.96,,Nemo-2023-BB-4,F9,plant stem tissue,13C,5.14,2026951,697414,H
BB-104-G2-084-251L-4,-29.55,1005.36,,Nemo-2023-BB-4,F10,plant stem tissue,13C,2.85,2026952,697415,H
BB-179-G1-084-251R-5,-28.43,1204.89,,Nemo-2023-BB-4,F11,plant stem tissue,13C,3.77,2026953,697416,H
BB-103-G1-084-252L-1,-31.09,1110.07,,Nemo-2023-BB-4,F12,plant stem tissue,13C,3.5,2026954,697417,H
BB-111-G1-086-256L-2,-28.93,977.52,,Nemo-2023-BB-4,G1,plant stem tissue,13C,3.28,2026955,697499,H
BB-059-G2-086-256R-4,-28.61,1330.34,,Nemo-2023-BB-4,G2,plant stem tissue,13C,3.49,2026956,697500,H
BB-150-G1-086-257R-3,-30.30,477.83,,Nemo-2023-BB-4,G3,plant stem tissue,13C,2.96,2026957,697501,H
BB-164-G2-087-259L-5,-29.68,2217.18,,Nemo-2023-BB-4,G4,plant stem tissue,13C,7.25,2026958,697502,H
BB-133-G1-087-260R-3,-29.69,1566.37,,Nemo-2023-BB-4,G5,plant stem tissue,13C,4.15,2026959,697503,H
BB-016-G1-088-263L-5,-29.03,566.17,,Nemo-2023-BB-4,G6,plant stem tissue,13C,2.02,2026960,697504,H
BB-149-G2-089-266R-3,-27.66,616.69,,Nemo-2023-BB-4,G7,plant stem tissue,13C,2.05,2026961,697505,H
BB-024-G2-090-268L-4,-29.59,1021.94,,Nemo-2023-BB-4,G8,plant stem tissue,13C,3.35,2026962,697506,H
BB-133-G2-090-269L-5,-29.16,692.52,,Nemo-2023-BB-4,G9,plant stem tissue,13C,2.93,2026963,697507,H
BB-205A-G2-090-270L-3,-28.50,585.11,,Nemo-2023-BB-4,G10,plant stem tissue,13C,2.5,2026964,697508,H
BB-013-G2-091-271L-4,-28.08,1234.84,,Nemo-2023-BB-4,G11,plant stem tissue,13C,4.49,2026965,697509,H
BB-149-G1-091-272L-5,-27.79,1142.62,,Nemo-2023-BB-4,G12,plant stem tissue,13C,3.86,2026966,697510,H
BB-039-G1-091-272R-2,-28.54,1944.08,,Nemo-2023-BB-4,H1,plant stem tissue,13C,5.49,2026967,697517,H
BB-209-G1-091-273L-2,-27.97,1655.84,,Nemo-2023-BB-4,H2,plant stem tissue,13C,5.05,2026968,697518,H
BB-204-G1-091-273R-5,-26.59,952.15,,Nemo-2023-BB-4,H3,plant stem tissue,13C,3.18,2026969,697519,H
BB-003-G1-092-274L-1,-28.44,1196.67,,Nemo-2023-BB-4,H4,plant stem tissue,13C,3.8,2026970,697520,H
BB-070-G2-092-274R-4,-30.47,891.92,,Nemo-2023-BB-4,H5,plant stem tissue,13C,3.24,2026971,697521,H
BB-134-G1-092-275L-1,-27.67,645.12,,Nemo-2023-BB-4,H6,plant stem tissue,13C,1.83,2026972,697522,H
BB-080-G1-092-276L-1,-28.74,613.53,,Nemo-2023-BB-4,H7,plant stem tissue,13C,2.03,2026973,697523,H
BB-061-G1-092-276R-4,,,Instrument Error,Nemo-2023-BB-4,H8,plant stem tissue,13C,3.57,2026974,697524,H
BB-045-G2-093-278L-2,-28.02,1276.21,,Nemo-2023-BB-4,H9,plant stem tissue,13C,3.73,2026975,697525,H
BB-060-G1-093-278R-1,-27.74,1139.45,,Nemo-2023-BB-4,H10,plant stem tissue,13C,3.68,2026976,697526,H
BB-110-G1-093-279L-4,-29.25,1079.08,,Nemo-2023-BB-4,H11,plant stem tissue,13C,3.58,2026977,697527,H
BB-050-G1-095-283L-2,-29.14,1489.75,,Nemo-2023-BB-4,H12,plant stem tissue,13C,5.18,2026978,697528,H
BB-163-G1-096-287L-2,-28.69,942.64,,Nemo-2023-BB-5,A1,plant stem tissue,13C,2.9,2026979,697533,H
BB-145-G1-096-288L-1,-30.67,1273.03,,Nemo-2023-BB-5,A2,plant stem tissue,13C,4.75,2026980,697534,H
BB-147-G2-096-288R-3,-30.91,898.26,,Nemo-2023-BB-5,A3,plant stem tissue,13C,3.6,2026981,697535,H
BB-146-G1-097-289L-1,-26.16,1492.94,,Nemo-2023-BB-5,A4,plant stem tissue,13C,4.67,2026982,697536,H
BB-208-G1-097-289R-5,-29.22,1678.23,,Nemo-2023-BB-5,A5,plant stem tissue,13C,4.68,2026983,697537,H
BB-179-G2-097-290L-3,-29.11,727.30,,Nemo-2023-BB-5,A6,plant stem tissue,13C,2.35,2026984,697538,H
BB-164-G1-097-290R-1,-29.47,695.68,,Nemo-2023-BB-5,A7,plant stem tissue,13C,2.07,2026985,697539,H
BB-037-G1-097-291L-1,-26.02,1009.25,,Nemo-2023-BB-5,A8,plant stem tissue,13C,3.96,2026986,697540,H
BB-052-G2-097-291R-4,-28.21,1559.98,,Nemo-2023-BB-5,A9,plant stem tissue,13C,5.13,2026987,697541,H
BB-205B-G1-098-292R-5,-27.89,920.44,,Nemo-2023-BB-5,A10,plant stem tissue,13C,3.95,2026988,697542,H
BB-094-G1-098-293L-2,-29.01,515.68,,Nemo-2023-BB-5,A11,plant stem tissue,13C,1.18,2026989,697543,H
BB-148-G1-098-293R-5,-28.25,1148.98,,Nemo-2023-BB-5,A12,plant stem tissue,13C,4.22,2026990,697544,H
BB-060-G2-099-295L-5,-30.04,968.00,,Nemo-2023-BB-5,B1,plant stem tissue,13C,3.67,2026991,697548,H
BB-081-G1-100-298L-4,-29.71,1317.60,,Nemo-2023-BB-5,B2,plant stem tissue,13C,4.44,2026992,697549,H
BB-087-G2-100-298R-4,-27.36,1390.88,,Nemo-2023-BB-5,B3,plant stem tissue,13C,4.69,2026993,697550,H
BB-121-G1-100-300R-1,-28.57,572.48,,Nemo-2023-BB-5,B4,plant stem tissue,13C,2.05,2026994,697551,H
BB-002-G2-101-301L-4,-28.83,1361.56,,Nemo-2023-BB-5,B5,plant stem tissue,13C,4.11,2026995,697552,H
BB-132-G1-101-301R-1,-28.34,631.85,,Nemo-2023-BB-5,B6,plant stem tissue,13C,2.46,2026996,697553,H
BB-085-G1-101-302L-4,-27.99,693.15,,Nemo-2023-BB-5,B7,plant stem tissue,13C,1.88,2026997,697554,H
BB-166-G2-101-302R-1,-28.93,844.40,,Nemo-2023-BB-5,B8,plant stem tissue,13C,2.86,2026998,697555,H
BB-150-G2-101-303L-3,-28.35,1520.07,,Nemo-2023-BB-5,B9,plant stem tissue,13C,2.74,2026999,697556,H
BB-007-G1-101-303R-3,-30.20,785.52,,Nemo-2023-BB-5,B10,plant stem tissue,13C,4.91,2027000,697557,H
BB-215-G1-102-304L-5,-30.33,1336.07,,Nemo-2023-BB-5,B11,plant stem tissue,13C,3.88,2027001,697558,H
BB-098-G2-102-305L-3,-28.96,1909.12,,Nemo-2023-BB-5,B12,plant stem tissue,13C,5.44,2027002,697559,H
BB-114-G2-102-306R-1,-29.73,1326.08,,Nemo-2023-BB-5,C1,plant stem tissue,13C,4.71,2027003,697665,H
BB-209-G2-103-308R-4,-28.69,1695.56,,Nemo-2023-BB-5,C2,plant stem tissue,13C,5.32,2027004,697666,H
BB-020-G2-103-309L-2,-29.81,687.31,,Nemo-2023-BB-5,C3,plant stem tissue,13C,2.18,2027005,697667,H
BB-149-G2-103-309R-5,-27.05,1182.04,,Nemo-2023-BB-5,C4,plant stem tissue,13C,3.72,2027006,697668,H
BB-200-G1-104-310L-2,-28.72,1466.98,,Nemo-2023-BB-5,C5,plant stem tissue,13C,4.84,2027007,697669,H
BB-148-G1-104-311L-1,-30.40,1592.23,,Nemo-2023-BB-5,C6,plant stem tissue,13C,4.98,2027008,697670,H
BB-204-G1-104-312L-5,-28.23,1310.42,,Nemo-2023-BB-5,C7,plant stem tissue,13C,4.72,2027009,697671,H
BB-080-G2-104-312R-3,-31.27,1535.87,,Nemo-2023-BB-5,C8,plant stem tissue,13C,4.74,2027010,697672,H
BB-045-G2-105-313R-2,-30.56,1507.69,,Nemo-2023-BB-5,C9,plant stem tissue,13C,3.45,2027011,697673,H
BB-109-G1-105-314L-5,-30.72,1570.31,,Nemo-2023-BB-5,C10,plant stem tissue,13C,4.66,2027012,697674,H
BB-123-G1-105-315L-3,-29.10,1585.97,,Nemo-2023-BB-5,C11,plant stem tissue,13C,5.01,2027013,697675,H
BB-126-G1-106-316L-2,-28.38,1532.74,,Nemo-2023-BB-5,C12,plant stem tissue,13C,4.75,2027014,697676,H
BB-105-G1-107-319L-1,-30.34,1053.66,,Nemo-2023-BB-5,D1,plant stem tissue,13C,2.32,2027015,697683,H
BB-216-G1-107-321L-2,-29.47,1579.71,,Nemo-2023-BB-5,D2,plant stem tissue,13C,5.11,2027016,697684,H
BB-030-G1-108-322L-3,-28.94,1676.77,,Nemo-2023-BB-5,D3,plant stem tissue,13C,5.29,2027017,697685,H