Year,Site,Plant.ID,Trt,NumCf,pForbs,pGrasses,pLegumes,pWoody,pBare,weight.clipped,Initial.Height,Initial.LfNum,Survival,Stage,Final.Height,Fin.Branch,Fin.LeafNum,Fin.SeedPod
2007,CRA,1,C,,.,.,.,.,.,.,33,.,1,.,89,.,12,13
2007,CRA,2,R,,.,.,.,.,.,.,41,.,0,.,.,.,.,.
2007,CRA,3,C,,.,.,.,.,.,.,28,.,.,.,.,.,.,.
2007,CRA,4,R,,.,.,.,.,.,.,15,.,0,.,.,.,.,.
2007,CRA,5,C,,.,.,.,.,.,.,28,.,0,.,.,.,.,.
2007,CRA,6,R,,.,.,.,.,.,.,28,.,.,.,.,.,.,.
2007,CRA,7,C,,.,.,.,.,.,.,23,.,.,.,.,.,.,.
2007,CRA,8,R,,.,.,.,.,.,.,28,.,0,.,.,.,.,.
2007,CRA,9,C,,.,.,.,.,.,.,33,.,1,.,74,.,.,4
2007,CRA,10,R,,.,.,.,.,.,.,33,.,0,.,.,.,.,.
2007,CRA,11,C,,.,.,.,.,.,.,41,.,1,.,74,.,7,4
2007,CRA,12,R,,.,.,.,.,.,.,36,.,.,.,.,.,.,.
2007,CRA,13,C,,.,.,.,.,.,.,23,.,0,.,.,.,.,.
2007,CRA,14,R,,.,.,.,.,.,.,30,.,0,.,.,.,.,.
2007,CRA,15,C,,.,.,.,.,.,.,33,.,1,.,74,.,.,15
2007,CRA,16,R,,.,.,.,.,.,.,20,.,0,.,.,.,.,.
2007,CRA,17,C,,.,.,.,.,.,.,23,.,1,.,79,.,5,6
2007,CRA,18,R,,.,.,.,.,.,.,23,.,0,.,.,.,.,.
2007,CRA,19,C,,.,.,.,.,.,.,23,.,.,.,.,.,.,.
2007,CRA,20,R,,.,.,.,.,.,.,18,.,.,.,.,.,.,.
2007,CRA,21,C,,.,.,.,.,.,.,8,.,1,.,38,.,6,4
2007,CRA,22,R,,.,.,.,.,.,.,8,.,0,.,.,.,.,.
2007,CRA,23,C,,.,.,.,.,.,.,30,.,1,.,61,.,.,4
2007,CRA,24,R,,.,.,.,.,.,.,23,.,0,.,.,.,.,.
2007,CRA,25,C,,.,.,.,.,.,.,20,.,1,.,36,.,3,1
2007,CRA,26,R,,.,.,.,.,.,.,20,.,0,.,.,.,.,.
2007,CRA,27,C,,.,.,.,.,.,.,15,.,1,.,43,.,9,7
2007,CRA,28,R,,.,.,.,.,.,.,15,.,0,.,.,.,.,.
2007,CRA,29,C,,.,.,.,.,.,.,18,.,1,.,58,1,10,10
2007,CRA,30,R,,.,.,.,.,.,.,18,.,1,.,53,2,15,4
2007,CRA,31,C,,.,.,.,.,.,.,33,.,1,.,102,.,4,18
2007,CRA,32,R,,.,.,.,.,.,.,33,.,1,.,46,2,3,4
2007,CRA,33,C,,.,.,.,.,.,.,28,.,1,.,56,.,8,3
2007,CRA,34,R,,.,.,.,.,.,.,28,.,1,.,107,.,23,29
2007,CRA,35,C,,.,.,.,.,.,.,18,.,.,.,.,.,.,.
2007,CRA,36,R,,.,.,.,.,.,.,15,.,.,.,.,.,.,.
2007,CRA,37,C,,.,.,.,.,.,.,25,.,1,.,25,.,.,1
2007,CRA,38,R,,.,.,.,.,.,.,25,.,.,.,.,.,.,.
2007,CRA,39,C,,.,.,.,.,.,.,28,.,1,.,53,.,.,4
2007,CRA,40,R,,.,.,.,.,.,.,23,.,.,.,.,.,.,.
2007,CRA,41,C,,.,.,.,.,.,.,33,.,1,.,66,.,3,0
2007,CRA,42,R,,.,.,.,.,.,.,38,.,0,.,.,.,.,.
2007,CRA,43,C,,.,.,.,.,.,.,25,.,1,.,61,.,3,8
2007,CRA,44,R,,.,.,.,.,.,.,28,.,0,.,.,.,.,.
2007,CRA,45,C,,.,.,.,.,.,.,18,.,1,.,36,.,0,1
2007,CRA,46,R,,.,.,.,.,.,.,15,.,.,.,.,.,.,.
2007,CRA,47,C,,.,.,.,.,.,.,33,.,1,.,117,.,11,13
2007,CRA,48,R,,.,.,.,.,.,.,36,.,1,.,99,.,10,18
2007,CRA,49,C,,.,.,.,.,.,.,38,.,1,.,64,.,0,4
2007,CRA,50,R,,.,.,.,.,.,.,38,.,1,.,114,.,23,45
2007,CRA,51,C,,.,.,.,.,.,.,23,.,1,.,36,.,5,0
2007,CRA,52,R,,.,.,.,.,.,.,23,.,0,.,.,.,.,.
2007,CRA,53,C,,.,.,.,.,.,.,28,.,0,.,.,.,.,.
2007,CRA,54,R,,.,.,.,.,.,.,23,.,.,.,.,.,.,.
2007,CRA,55,C,,.,.,.,.,.,.,38,.,1,.,119,6,47,36
2007,CRA,56,R,,.,.,.,.,.,.,38,.,1,.,46,2,12,5
2007,CRA,57,C,,.,.,.,.,.,.,36,.,0,.,.,.,.,.
2007,CRA,58,R,,.,.,.,.,.,.,36,.,.,.,.,.,.,.
2007,CRA,59,C,,.,.,.,.,.,.,36,.,1,.,86,.,12,11
2007,CRA,60,R,,.,.,.,.,.,.,33,.,.,.,.,.,.,.
2007,GCD,1,C,,.,.,.,.,.,.,20,.,1,.,31,1,5,4
2007,GCD,2,R,,.,.,.,.,.,.,20,.,1,.,51,2,17,10
2007,GCD,3,C,,.,.,.,.,.,.,20,.,1,.,23,2,6,5
2007,GCD,4,R,,.,.,.,.,.,.,20,.,1,.,38,2,10,8
2007,GCD,5,C,,.,.,.,.,.,.,15,.,1,.,20,1,5,2
2007,GCD,6,R,,.,.,.,.,.,.,15,.,1,.,31,2,10,7
2007,GCD,7,C,,.,.,.,.,.,.,15,.,1,.,25,1,5,5
2007,GCD,8,R,,.,.,.,.,.,.,13,.,1,.,28,1,4,2
2007,GCD,9,C,,.,.,.,.,.,.,18,.,1,.,41,2,19,11
2007,GCD,10,R,,.,.,.,.,.,.,13,.,1,.,36,1,3,5
2007,GCD,11,C,,.,.,.,.,.,.,23,.,1,.,43,1,10,6
2007,GCD,12,R,,.,.,.,.,.,.,23,.,1,.,41,2,.,9
2007,GCD,13,C,,.,.,.,.,.,.,28,.,1,.,38,1,7,7
2007,GCD,14,R,,.,.,.,.,.,.,28,.,1,.,36,1,7,10
2007,GCD,15,C,,.,.,.,.,.,.,23,.,1,.,43,2,16,12
2007,GCD,16,R,,.,.,.,.,.,.,23,.,1,.,46,1,12,10
2007,GCD,17,C,,.,.,.,.,.,.,23,.,1,.,33,1,6,7
2007,GCD,18,R,,.,.,.,.,.,.,23,.,1,.,33,1,13,7
2007,GCD,19,C,,.,.,.,.,.,.,18,.,1,.,23,1,0,1
2007,GCD,20,R,,.,.,.,.,.,.,18,.,1,.,31,1,4,5
2007,GCD,21,C,,.,.,.,.,.,.,28,.,1,.,43,.,.,.
2007,GCD,22,R,,.,.,.,.,.,.,20,.,1,.,20,.,.,.
2007,GCD,23,C,,.,.,.,.,.,.,36,.,.,.,.,.,.,.
2007,GCD,24,R,,.,.,.,.,.,.,36,.,0,.,.,.,.,.
2007,GCD,25,C,,.,.,.,.,.,.,25,.,.,.,.,.,.,.
2007,GCD,26,R,,.,.,.,.,.,.,25,.,0,.,.,.,.,.
2007,GCD,27,C,,.,.,.,.,.,.,20,.,1,.,23,3,9,2
2007,GCD,28,R,,.,.,.,.,.,.,20,.,0,.,.,.,.,.
2007,GCD,29,C,,.,.,.,.,.,.,20,.,1,.,31,1,7,5
2007,GCD,30,R,,.,.,.,.,.,.,15,.,1,.,18,2,4,1
2007,GCD,31,C,,.,.,.,.,.,.,20,.,0,.,.,.,.,.
2007,GCD,32,R,,.,.,.,.,.,.,20,.,0,.,.,.,.,.
2007,GCD,33,C,,.,.,.,.,.,.,20,.,0,.,.,.,.,.
2007,GCD,34,R,,.,.,.,.,.,.,18,.,1,.,18,1,2,1
2007,GCD,35,C,,.,.,.,.,.,.,15,.,1,.,18,1,0,3
2007,GCD,36,R,,.,.,.,.,.,.,15,.,0,.,.,.,.,.
2007,GCD,37,C,,.,.,.,.,.,.,20,.,0,.,.,.,.,.
2007,GCD,38,R,,.,.,.,.,.,.,20,.,.,.,.,.,.,.
2007,GCD,39,C,,.,.,.,.,.,.,23,.,.,.,.,.,.,.
2007,GCD,40,R,,.,.,.,.,.,.,23,.,0,.,.,.,.,.
2007,GCD,41,C,,.,.,.,.,.,.,20,.,0,.,.,.,.,.
2007,GCD,42,R,,.,.,.,.,.,.,20,.,.,.,.,.,.,.
2007,GCD,43,C,,.,.,.,.,.,.,13,.,1,.,18,1,0,1
2007,GCD,44,R,,.,.,.,.,.,.,10,.,1,.,18,3,5,2
2007,GCD,45,C,,.,.,.,.,.,.,25,.,.,.,.,.,.,.
2007,GCD,46,R,,.,.,.,.,.,.,25,.,.,.,.,.,.,.
2007,GCD,47,C,,.,.,.,.,.,.,15,.,.,.,.,.,.,.
2007,GCD,48,R,,.,.,.,.,.,.,18,.,0,.,.,.,.,.
2007,GCD,49,C,,.,.,.,.,.,.,18,.,1,.,38,1,2,5
2007,GCD,50,R,,.,.,.,.,.,.,15,.,0,.,.,.,.,.
2007,GCD,51,C,,.,.,.,.,.,.,25,.,.,.,.,.,.,.
2007,GCD,52,R,,.,.,.,.,.,.,25,.,0,.,.,.,.,.
2007,GCD,53,C,,.,.,.,.,.,.,15,.,1,.,15,1,3,0
2007,GCD,54,R,,.,.,.,.,.,.,15,.,1,.,18,1,4,2
2007,GCD,55,C,,.,.,.,.,.,.,20,.,1,.,43,1,9,10
2007,GCD,56,R,,.,.,.,.,.,.,18,.,0,.,.,.,.,.
2007,GCD,57,C,,.,.,.,.,.,.,23,.,1,.,25,1,8,4
2007,GCD,58,R,,.,.,.,.,.,.,23,.,1,.,28,1,1,6
2007,GCD,59,C,,.,.,.,.,.,.,30,.,1,.,46,1,0,10
2007,GCD,60,R,,.,.,.,.,.,.,28,.,1,.,33,1,0,2
2007,GRE,1,C,,.,.,.,.,.,.,18,.,1,.,58,1,4,7
2007,GRE,2,R,,.,.,.,.,.,.,15,.,1,.,79,6,40,48
2007,GRE,3,C,,.,.,.,.,.,.,15,.,1,.,58,2,16,4
2007,GRE,4,R,,.,.,.,.,.,.,13,.,1,.,46,2,16,11
2007,GRE,5,C,,.,.,.,.,.,.,13,.,1,.,23,1,1,0
2007,GRE,6,R,,.,.,.,.,.,.,15,.,1,.,64,2,13,17
2007,GRE,7,C,,.,.,.,.,.,.,20,.,1,.,71,1,5,4
2007,GRE,8,R,,.,.,.,.,.,.,18,.,1,.,58,1,16,13
2007,GRE,9,C,,.,.,.,.,.,.,15,.,0,.,.,.,.,.
2007,GRE,10,R,,.,.,.,.,.,.,15,.,1,.,66,4,33,16
2007,GRE,11,C,,.,.,.,.,.,.,23,.,1,.,79,1,9,9
2007,GRE,12,R,,.,.,.,.,.,.,23,.,1,.,64,2,17,18
2007,GRE,13,C,,.,.,.,.,.,.,33,.,1,.,81,1,12,11
2007,GRE,14,R,,.,.,.,.,.,.,33,.,0,.,.,.,.,.
2007,GRE,15,C,,.,.,.,.,.,.,10,.,.,.,.,.,.,.
2007,GRE,16,R,,.,.,.,.,.,.,13,.,1,.,43,1,8,5
2007,GRE,17,C,,.,.,.,.,.,.,41,.,1,.,64,2,5,6
2007,GRE,18,R,,.,.,.,.,.,.,43,.,1,.,86,2,5,15
2007,GRE,19,C,,.,.,.,.,.,.,18,.,1,.,56,1,7,3
2007,GRE,20,R,,.,.,.,.,.,.,15,.,1,.,18,1,3,0
2007,KZA,1,C,,.,.,.,.,.,.,25,.,1,.,69,2,20,21
2007,KZA,2,R,,.,.,.,.,.,.,25,.,1,.,74,11,102,109
2007,KZA,3,C,,.,.,.,.,.,.,15,.,1,.,23,2,5,0
2007,KZA,4,R,,.,.,.,.,.,.,15,.,1,.,43,3,20,10
2007,KZA,5,C,,.,.,.,.,.,.,15,.,1,.,41,1,5,4
2007,KZA,6,R,,.,.,.,.,.,.,13,.,0,.,.,.,.,.
2007,KZA,7,C,,.,.,.,.,.,.,28,.,1,.,41,9,79,20
2007,KZA,8,R,,.,.,.,.,.,.,46,.,1,.,43,13,158,80
2007,KZA,9,C,,.,.,.,.,.,.,36,.,1,.,74,7,79,56
2007,KZA,10,R,,.,.,.,.,.,.,33,.,1,.,56,7,63,64
2007,KZA,11,C,,.,.,.,.,.,.,30,.,1,.,66,3,15,3
2007,KZA,12,R,,.,.,.,.,.,.,30,.,1,.,64,4,43,25
2007,KZA,13,C,,.,.,.,.,.,.,25,.,1,.,69,3,20,9
2007,KZA,14,R,,.,.,.,.,.,.,25,.,1,.,48,3,7,7
2007,KZA,15,C,,.,.,.,.,.,.,28,.,1,.,66,1,7,4
2007,KZA,16,R,,.,.,.,.,.,.,28,.,0,.,.,.,.,.
2007,KZA,17,C,,.,.,.,.,.,.,30,.,1,.,69,4,37,21
2007,KZA,18,R,,.,.,.,.,.,.,30,.,1,.,74,7,81,67
2007,KZA,19,C,,.,.,.,.,.,.,28,.,.,.,.,.,.,.
2007,KZA,20,R,,.,.,.,.,.,.,28,.,1,.,58,3,29,10
2007,KZA,21,C,,.,.,.,.,.,.,38,.,1,.,71,5,33,13
2007,KZA,22,R,,.,.,.,.,.,.,36,.,1,.,81,12,9,42
2007,KZA,23,C,,.,.,.,.,.,.,43,.,1,.,81,1,13,5
2007,KZA,24,R,,.,.,.,.,.,.,41,.,1,.,71,5,36,5
2007,KZA,25,C,,.,.,.,.,.,.,28,.,1,.,48,1,0,4
2007,KZA,26,R,,.,.,.,.,.,.,28,.,1,.,33,1,2,1
2007,KZA,27,C,,.,.,.,.,.,.,33,.,0,.,.,.,.,.
2007,KZA,28,R,,.,.,.,.,.,.,38,.,1,.,74,7,20,10
2007,KZA,29,C,,.,.,.,.,.,.,51,.,1,.,74,1,5,3
2007,KZA,30,R,,.,.,.,.,.,.,51,.,1,.,89,11,74,18
2007,KZA,31,C,,.,.,.,.,.,.,41,.,0,.,.,.,.,.
2007,KZA,32,R,,.,.,.,.,.,.,38,.,1,.,53,2,10,7
2007,KZA,33,C,,.,.,.,.,.,.,23,.,1,.,66,1,18,17
2007,KZA,34,R,,.,.,.,.,.,.,23,.,1,.,43,2,0,9
2007,KZA,35,C,,.,.,.,.,.,.,10,.,0,.,.,.,.,.
2007,KZA,36,R,,.,.,.,.,.,.,5,.,.,.,.,.,.,.
2007,KZA,37,C,,.,.,.,.,.,.,28,.,1,.,48,1,6,7
2007,KZA,38,R,,.,.,.,.,.,.,28,.,1,.,36,1,4,2
2007,KZA,39,C,,.,.,.,.,.,.,18,.,1,.,23,1,1,3
2007,KZA,40,R,,.,.,.,.,.,.,18,.,0,.,.,.,.,.
2007,KZA,41,C,,.,.,.,.,.,.,10,.,0,.,.,.,.,.
2007,KZA,42,R,,.,.,.,.,.,.,10,.,0,.,.,.,.,.
2007,KZA,43,C,,.,.,.,.,.,.,28,.,1,.,41,1,6,0
2007,KZA,44,R,,.,.,.,.,.,.,28,.,1,.,48,1,3,1
2007,KZA,45,C,,.,.,.,.,.,.,30,.,0,.,.,.,.,.
2007,KZA,46,R,,.,.,.,.,.,.,33,.,1,.,53,1,5,7
2007,KZA,47,C,,.,.,.,.,.,.,30,.,1,.,76,8,121,34
2007,KZA,48,R,,.,.,.,.,.,.,30,.,1,.,74,6,54,20
2007,KZA,49,C,,.,.,.,.,.,.,30,.,1,.,53,2,13,3
2007,KZA,50,R,,.,.,.,.,.,.,25,.,1,.,61,1,12,8
2007,KZA,51,C,,.,.,.,.,.,.,33,.,0,.,.,.,.,.
2007,KZA,52,R,,.,.,.,.,.,.,28,.,1,.,74,5,25,10
2007,KZA,53,C,,.,.,.,.,.,.,28,.,1,.,69,4,39,28
2007,KZA,54,R,,.,.,.,.,.,.,20,.,0,.,.,.,.,.
2007,KZA,55,C,,.,.,.,.,.,.,18,.,1,.,56,3,27,12
2007,KZA,56,R,,.,.,.,.,.,.,18,.,1,.,61,2,7,5
2007,KZA,57,C,,.,.,.,.,.,.,33,.,1,.,66,2,0,5
2007,KZA,58,R,,.,.,.,.,.,.,28,.,1,.,66,5,0,8
2007,KZA,59,C,,.,.,.,.,.,.,38,.,1,.,61,5,38,67
2007,KZA,60,R,,.,.,.,.,.,.,38,.,1,.,71,4,37,32
2007,TYSm,1,C,,.,.,.,.,.,.,13,.,1,.,15,0,2,0
2007,TYSm,2,R,,.,.,.,.,.,.,20,.,.,.,.,.,.,.
2007,TYSm,3,C,,.,.,.,.,.,.,33,.,1,.,71,2,20,3
2007,TYSm,4,R,,.,.,.,.,.,.,36,.,1,.,64,3,91,10
2007,TYSm,5,C,,.,.,.,.,.,.,13,.,1,.,15,1,4,1
2007,TYSm,6,R,,.,.,.,.,.,.,13,.,1,.,46,1,11,4
2007,TYSm,7,C,,.,.,.,.,.,.,38,.,1,.,48,5,0,3
2007,TYSm,8,R,,.,.,.,.,.,.,33,.,0,.,.,.,.,.
2007,TYSm,9,C,,.,.,.,.,.,.,30,.,1,.,33,2,5,1
2007,TYSm,10,R,,.,.,.,.,.,.,30,.,1,.,48,6,26,7
2007,TYSm,11,C,,.,.,.,.,.,.,36,.,1,.,31,6,21,4
2007,TYSm,12,R,,.,.,.,.,.,.,28,.,1,.,28,3,7,4
2007,TYSm,13,C,,.,.,.,.,.,.,13,.,1,.,28,1,8,1
2007,TYSm,14,R,,.,.,.,.,.,.,15,.,0,.,.,.,.,.
2007,TYSm,15,C,,.,.,.,.,.,.,23,.,1,.,46,1,8,5
2007,TYSm,16,R,,.,.,.,.,.,.,28,.,1,.,51,1,7,6
2007,TYSm,17,C,,.,.,.,.,.,.,23,.,0,.,.,.,.,.
2007,TYSm,18,R,,.,.,.,.,.,.,20,.,0,.,.,.,.,.
2007,TYSm,19,C,,.,.,.,.,.,.,30,.,0,.,.,.,.,.
2007,TYSm,20,R,,.,.,.,.,.,.,36,.,1,.,23,1,6,1
2008,AFT,1,C,1,10,5,1,0,79,.,13,.,1,.,20,1,6,1
2008,AFT,2,R,2,5,5,1,0,89,2.7,11,.,1,.,26,1,6,4
2008,AFT,3,C,2,15,20,1,0,59,.,10,.,1,.,18,1,.,1
2008,AFT,4,R,1,5,5,0,0,90,1.9,9,.,0,.,.,.,.,.
2008,AFT,5,C,1,10,5,1,0,84,.,15,.,1,.,28,2,13,2
2008,AFT,6,R,1,0,15,1,0,85,1.5,10,.,1,.,20,1,1,1
2008,AFT,7,C,2,10,10,1,0,79,.,13,.,.,.,.,.,.,.
2008,AFT,8,R,1,0,20,0,0,80,5,12,.,1,.,23,1,.,1
2008,AFT,9,C,2,5,0,1,0,94,.,10,.,.,.,.,.,.,.
2008,AFT,10,R,1,5,5,5,0,85,1.2,7,.,1,.,15,1,.,2
2008,AFT,11,C,2,5,10,1,0,84,.,8,.,1,.,18,1,0,1
2008,AFT,12,R,1,5,5,1,5,84,9.7,11,.,1,.,19,1,.,0
2008,AFT,13,C,5,5,5,5,0,85,.,10,.,1,.,21,1,.,3
2008,AFT,14,R,7,0,15,15,0,70,4,11,.,.,.,.,.,.,.
2008,AFT,15,C,1,5,10,5,0,80,.,9,.,1,.,16,1,5,2
2008,AFT,16,R,3,5,5,1,5,84,3.2,7,.,1,.,15,1,3,1
2008,AFT,17,C,1,5,5,1,0,89,.,9,.,1,.,24,1,6,4
2008,AFT,18,R,4,5,5,1,0,89,4.4,9,.,1,.,23,1,.,4
2008,AFT,19,C,1,10,5,1,0,84,.,9,.,1,.,15,1,.,1
2008,AFT,20,R,2,10,5,1,0,84,3.5,14,.,1,.,26,1,.,2
2008,AFT,21,C,1,10,0,1,0,89,.,10,.,1,.,16,1,5,0
2008,AFT,22,R,1,10,5,1,0,84,3.2,11,.,1,.,20,1,.,2
2008,AFT,23,C,4,5,10,1,0,84,.,12,.,1,.,18,1,.,1
2008,AFT,24,R,1,5,30,1,10,54,4.2,8,.,.,.,.,.,.,.
2008,AFT,25,C,1,5,5,1,5,84,.,10,.,.,.,.,.,.,.
2008,AFT,26,R,3,2,1,1,0,93,1.4,.,.,1,.,17,1,.,1
2008,AFT,27,C,3,5,1,1,0,92,.,14,.,1,.,22,1,.,2
2008,AFT,28,R,3,20,15,5,0,60,6.8,11,.,1,.,19,1,.,2
2008,AFT,29,C,2,15,20,1,0,64,.,13,.,1,.,21,1,.,2
2008,AFT,30,R,1,10,5,1,0,84,2.4,10,.,1,.,21,1,7,2
2008,AFT,31,C,3,5,10,5,0,80,.,9,.,1,.,16,1,.,1
2008,AFT,32,R,2,5,1,1,0,93,0.9,6,.,1,.,13,1,.,1
2008,AFT,33,C,1,10,5,1,0,84,.,11,.,1,.,18,1,.,1
2008,AFT,34,R,3,0,5,40,0,55,4.8,7,.,1,.,15,1,2,1
2008,AFT,35,C,1,5,40,1,0,54,.,9,.,1,.,18,1,6,2
2008,AFT,36,R,1,5,5,1,10,79,3.1,11,.,1,.,22,1,.,2
2008,AFT,37,C,1,5,0,1,0,94,.,9,.,.,.,.,.,.,.
2008,AFT,38,R,1,5,10,0,0,85,2,15,.,1,.,27,1,7,2
2008,AFT,39,C,2,10,15,1,0,74,.,12,.,1,.,32,1,.,8
2008,AFT,40,R,2,5,2,1,15,77,8.5,22,.,1,.,48,5,.,21
2008,AFT,41,C,2,5,10,1,20,64,.,9,.,0,.,.,.,.,.
2008,AFT,42,R,1,5,30,5,0,60,2.6,11,.,1,.,22,1,1,2
2008,AFT,43,C,2,5,20,0,0,75,.,6,.,1,.,15,1,.,1
2008,AFT,44,R,1,5,15,1,0,79,2.5,12,.,1,.,26,1,.,2
2008,AFT,45,C,3,5,20,1,0,74,.,12,.,0,.,.,.,.,.
2008,AFT,46,R,4,0,30,1,0,69,2.6,11,.,1,.,20,1,.,1
2008,AFT,47,C,4,0,5,1,0,94,.,13,.,.,.,.,.,.,.
2008,AFT,48,R,1,10,5,5,0,80,3.5,9,.,1,.,23,1,.,2
2008,AFT,49,C,1,5,5,5,0,85,.,5,.,1,.,16,1,4,0
2008,AFT,50,R,1,0,5,5,10,80,2.2,9,.,1,.,19,1,.,2
2008,CRA,1,C,38,20,79,1,0,0,.,37,.,1,.,92,1,5,4
2008,CRA,2,R,20,15,80,5,0,0,28.7,37,.,1,.,64,1,.,2
2008,CRA,3,C,75,25,60,15,0,0,.,25,.,1,.,65,1,.,3
2008,CRA,4,R,48,30,55,15,0,0,29.3,34,.,1,.,117,1,4,17
2008,CRA,5,C,52,25,60,10,0,5,.,30,.,1,.,91,1,.,6
2008,CRA,6,R,48,50,45,5,0,0,29.8,31,.,1,.,79,1,.,3
2008,CRA,7,C,71,40,35,20,0,5,.,27,.,1,.,100,1,9,9
2008,CRA,8,R,62,15,60,15,0,0,31.3,35,.,1,.,115,1,.,18
2008,CRA,9,C,48,35,60,5,0,0,.,29,.,.,.,.,.,.,.
2008,CRA,10,R,23,45,35,15,0,5,24.3,24,.,.,.,.,.,.,.
2008,CRA,11,C,47,35,64,1,0,0,.,25,.,1,.,80,1,.,2
2008,CRA,12,R,88,35,35,25,0,5,34.7,30,.,.,.,.,.,.,.
2008,CRA,13,C,55,50,40,5,0,5,.,26,.,1,.,103,1,.,9
2008,CRA,14,R,35,25,70,5,0,0,38.4,37,.,1,.,91,1,.,13
2008,CRA,15,C,37,20,75,5,0,0,.,31,.,1,.,81,1,.,2
2008,CRA,16,R,31,15,70,5,0,10,23.3,31,.,1,.,123,1,.,31
2008,CRA,17,C,49,40,35,10,0,15,.,27,.,.,.,.,.,.,.
2008,CRA,18,R,46,75,5,5,0,15,31.7,23,.,.,.,.,.,.,.
2008,CRA,19,C,68,70,15,15,0,5,.,26,.,.,.,.,.,.,.
2008,CRA,20,R,40,45,50,5,0,0,28.7,29,.,.,.,.,.,.,.
2008,CRA,21,C,38,75,10,10,0,5,.,29,.,1,.,93,1,.,9
2008,CRA,22,R,87,45,35,20,0,0,23.2,40,.,0,.,.,.,.,.
2008,CRA,23,C,54,65,20,5,0,10,.,23,.,1,.,79,1,3,4
2008,CRA,24,R,43,10,75,10,0,5,37,31,.,0,.,.,.,.,.
2008,CRA,25,C,72,25,50,15,0,10,.,19,.,1,.,86,1,.,4
2008,CRA,26,R,29,65,15,5,0,15,17.2,26,.,0,.,.,.,.,.
2008,CRA,27,C,57,50,45,5,0,0,.,32,.,1,.,103,1,4,8
2008,CRA,28,R,69,25,70,5,0,0,31,28,.,1,.,121,1,.,15
2008,CRA,29,C,71,15,80,5,0,0,.,23,.,1,.,86,1,.,3
2008,CRA,30,R,88,0,85,10,0,5,31.7,23,.,0,.,.,.,.,.
2008,CRA,31,C,98,50,35,15,0,0,.,32,.,1,.,52,1,.,0
2008,CRA,32,R,88,30,40,30,0,0,29.7,34,.,1,.,119,1,.,23
2008,CRA,33,C,104,25,35,40,0,0,.,32,.,1,.,116,1,.,17
2008,CRA,34,R,103,5,45,45,0,5,33.1,28,.,1,.,73,1,.,6
2008,CRA,35,C,66,50,35,15,0,0,.,35,.,1,.,117,1,8,7
2008,CRA,36,R,78,30,45,25,0,0,33.6,31,.,1,.,136,1,.,36
2008,CRA,37,C,66,25,65,10,0,0,.,34,.,1,.,136,1,.,16
2008,CRA,38,R,98,35,30,30,0,5,38.3,26,.,1,.,114,1,.,19
2008,CRA,39,C,60,20,70,10,0,0,.,33,.,1,.,116,1,.,11
2008,CRA,40,R,70,25,50,15,0,10,.,31,.,1,.,91,1,.,5
2008,CRA,41,C,.,30,45,20,0,5,.,23,.,1,.,87,1,.,4
2008,CRA,42,R,.,40,50,10,0,0,23.9,29,.,0,.,.,.,.,.
2008,CRA,43,C,.,15,65,20,0,0,.,27,.,1,.,103,1,.,11
2008,CRA,44,R,.,35,50,15,0,0,26.2,25,.,1,.,89,1,.,4
2008,CRA,45,C,.,80,10,5,0,5,.,28,.,0,.,.,.,.,.
2008,CRA,46,R,.,30,55,15,0,0,25.6,30,.,1,.,119,1,5,25
2008,CRA,47,C,.,35,25,25,0,15,.,15,.,1,.,78,1,4,2
2008,CRA,48,R,.,55,30,10,0,5,19,22,.,1,.,104,1,7,10
2008,CRA,49,C,.,0,80,20,0,0,.,26,.,1,.,50,1,.,0
2008,CRA,50,R,.,0,80,20,.,0,15.7,26,.,1,.,102,1,6,6
2008,CRA,51,C,.,0,60,35,0,5,.,19,.,1,.,58,1,.,1
2008,CRA,52,R,.,30,30,35,0,5,.,32,.,0,.,.,.,.,.
2008,CRA,53,C,.,40,35,25,0,0,.,34,.,1,.,59,1,.,1
2008,CRA,54,R,.,50,30,15,0,5,.,25,.,0,.,.,.,.,.
2008,CRA,55,C,.,5,75,20,0,0,.,26,.,1,.,76,1,.,2
2008,CRA,56,R,.,20,55,10,.,15,.,27,.,0,.,.,.,.,.
2008,CRA,57,C,.,20,50,10,.,20,.,25,.,0,.,.,.,.,.
2008,CRA,58,R,.,5,80,15,0,0,.,17,.,1,.,83,1,.,8
2008,CRA,59,C,.,10,60,10,.,20,.,19,.,1,.,95,1,.,9
2008,CRA,60,R,.,10,75,10,0,5,.,26,.,0,.,.,.,.,.
2008,CRA,61,C,.,0,65,5,0,30,.,14,.,1,.,92,1,.,17
2008,CRA,62,R,.,5,85,5,0,5,.,26,.,0,.,.,.,.,.
2008,CRA,63,C,.,0,45,50,0,5,.,24,.,0,.,.,.,.,.
2008,CRA,64,R,.,5,80,10,0,5,.,17,.,1,.,81,1,4,5
2008,CRA,65,C,.,0,20,75,0,5,.,28,.,1,.,73,1,.,2
2008,CRA,66,R,.,25,50,25,0,0,.,33,.,1,.,122,2,.,45
2008,CRA,67,C,.,25,25,30,0,20,.,17,.,0,.,.,.,.,.
2008,CRA,68,R,.,10,40,40,0,10,.,32,.,0,.,.,.,.,.
2008,CRA,69,C,.,0,50,50,0,0,.,28,.,1,.,93,1,.,3
2008,CRA,70,R,.,40,25,30,0,5,.,19,.,1,.,70,1,.,3
2008,CRA,71,C,.,25,40,15,0,20,.,15,.,1,.,22,1,.,0
2008,CRA,72,R,.,0,70,25,0,5,.,32,.,0,.,.,.,.,.
2008,CRA,73,C,.,5,85,10,0,0,.,30,.,1,.,108,1,13,14
2008,CRA,74,R,.,0,75,25,0,0,.,30,.,.,.,.,.,.,.
2008,CRA,75,C,.,25,40,30,0,5,.,29,.,1,.,112,1,.,17
2008,CRA,76,R,.,20,30,50,0,0,.,37,.,1,.,130,1,.,35
2008,CRA,77,C,.,40,30,20,0,10,.,26,.,1,.,117,2,.,45
2008,CRA,78,R,.,5,45,50,0,0,.,36,.,1,.,114,2,.,25
2008,CRA,79,C,.,25,50,20,0,5,.,24,.,1,.,85,1,.,9
2008,CRA,80,R,.,35,45,20,0,0,.,34,.,1,.,113,3,.,51
2008,GCD,1,C,19,5,10,5,0,80,.,10,.,1,.,22,1,.,1
2008,GCD,2,R,5,10,5,1,0,74,6.6,13,.,0,.,.,.,.,.
2008,GCD,3,C,31,5,10,5,5,75,.,11,.,1,.,18,1,7,2
2008,GCD,4,R,7,5,25,1,0,69,9.7,10,.,0,.,.,.,.,.
2008,GCD,5,C,2,10,15,1,5,69,.,10,.,1,.,27,2,6,4
2008,GCD,6,R,4,20,5,1,15,59,11.5,9,.,1,.,31,2,10,9
2008,GCD,7,C,7,10,10,1,0,79,.,13,.,1,.,28,1,2,6
2008,GCD,8,R,1,5,50,0,0,45,10.8,8,.,1,.,14,1,.,1
2008,GCD,9,C,4,10,40,1,0,49,.,10,.,0,.,.,.,.,.
2008,GCD,10,R,12,5,30,1,0,64,11.5,11,.,1,.,19,1,.,0
2008,GCD,11,C,3,15,20,3,0,72,.,10,.,1,.,19,1,.,1
2008,GCD,12,R,2,15,10,1,5,69,5.1,8,.,0,.,.,.,.,.
2008,GCD,13,C,3,0,30,1,0,69,.,9,.,0,.,.,.,.,.
2008,GCD,14,R,2,10,15,1,0,74,6.2,9,.,0,.,.,.,.,.
2008,GCD,15,C,3,20,40,5,5,30,.,14,.,0,.,.,.,.,.
2008,GCD,16,R,2,5,40,1,5,49,12.4,12,.,1,.,11,1,7,0
2008,GCD,17,C,2,5,5,1,0,89,.,6,.,1,.,15,1,3,1
2008,GCD,18,R,4,5,5,1,0,84,4.5,7,.,0,.,.,.,.,.
2008,GCD,19,C,4,5,5,1,0,89,.,7,.,1,.,16,1,2,1
2008,GCD,20,R,4,10,10,1,0,79,8.9,8,.,0,.,.,.,.,.
2008,GCD,21,C,3,5,20,1,0,74,.,13,.,1,.,35,1,11,12
2008,GCD,22,R,1,5,25,1,0,69,11.7,10,.,0,.,.,.,.,.
2008,GCD,23,C,1,5,5,1,0,89,.,7,.,1,.,24,2,17,5
2008,GCD,24,R,15,5,20,5,0,70,8.2,11,.,1,.,.,5,14,19
2008,GCD,25,C,4,0,35,1,0,64,.,11,.,1,.,25,1,12,4
2008,GCD,26,R,14,5,20,5,0,70,8,11,.,1,.,.,2,11,9
2008,GCD,27,C,6,1,15,1,0,84,.,10,.,0,.,.,.,.,.
2008,GCD,28,R,1,5,15,1,0,79,4.7,12,.,1,.,24,2,24,10
2008,GCD,29,C,21,25,5,5,0,65,.,11,.,1,.,36,1,.,6
2008,GCD,30,R,9,5,25,5,9,65,16.6,18,.,1,.,29,1,7,1
2008,GCD,31,C,15,25,10,5,0,60,.,16,.,1,.,49,2,10,17
2008,GCD,32,R,4,35,10,5,0,50,10,15,.,1,.,.,2,13,15
2008,GCD,33,C,5,5,10,1,0,84,.,12,.,1,.,26,1,10,5
2008,GCD,34,R,6,5,15,5,15,60,4.4,10,.,1,.,26,1,.,7
2008,GCD,35,C,1,10,10,1,15,64,.,14,.,0,.,.,.,.,.
2008,GCD,36,R,22,0,5,10,10,75,6,13,.,1,.,36,3,10,13
2008,GCD,37,C,4,5,10,1,0,84,.,12,.,1,.,.,3,25,6
2008,GCD,38,R,21,5,10,5,0,80,14.9,13,.,1,.,30,7,27,14
2008,GCD,39,C,1,5,20,1,0,74,.,10,.,1,.,21,1,5,5
2008,GCD,40,R,5,5,10,5,0,80,12.4,8,.,1,.,23,3,27,12
2008,GCD,41,C,13,0,25,5,0,70,.,14,.,0,.,.,.,.,.
2008,GCD,42,R,4,5,25,5,0,65,11.2,12,.,1,.,18,1,.,1
2008,GCD,43,C,2,10,5,1,0,84,.,10,.,1,.,24,1,9,4
2008,GCD,44,R,2,5,60,1,0,44,.,14,.,1,.,28,1,9,4
2008,GCD,45,C,4,5,30,1,10,54,.,13,.,1,.,20,1,6,5
2008,GCD,46,R,3,5,15,0,0,80,4.6,7,.,1,.,32,1,11,5
2008,GCD,47,C,5,55,10,1,5,29,.,11,.,1,.,27,1,6,4
2008,GCD,48,R,7,5,50,5,0,40,5.9,9,.,1,.,28,1,.,2
2008,GCD,49,C,25,5,0,10,0,85,.,13,.,1,.,25,1,3,2
2008,GCD,50,R,10,5,20,5,0,70,6.2,11,.,1,.,36,2,14,12
2008,GCD,51,C,21,5,5,5,40,45,.,8,.,0,.,.,.,.,.
2008,GCD,52,R,8,15,5,5,0,75,.,12,.,0,.,.,.,.,.
2008,GCD,53,C,40,10,5,5,0,80,.,9,.,1,.,18,1,3,1
2008,GCD,54,R,12,10,20,50,0,65,.,13,.,1,.,34,1,11,10
2008,GCD,55,C,5,5,20,5,0,70,.,11,.,1,.,28,2,14,4
2008,GCD,56,R,7,5,15,1,0,79,.,12,.,1,.,30,1,9,9
2008,GCD,57,C,3,10,35,1,0,54,.,10,.,1,.,25,1,5,2
2008,GCD,58,R,2,5,10,1,0,84,.,9,.,0,.,.,.,.,.
2008,GCD,59,C,4,5,5,1,0,89,.,13,.,1,.,25,1,8,4
2008,GCD,60,R,1,10,10,1,0,79,.,13,.,1,.,30,1,7,8
2008,GCD,61,C,2,5,10,1,0,84,.,12,.,1,.,26,1,4,5
2008,GCD,62,R,16,5,25,5,0,65,.,11,.,1,.,25,1,.,3
2008,GCD,63,C,7,5,10,1,0,84,.,12,.,1,.,17,1,5,0
2008,GCD,64,R,12,5,20,5,0,70,.,11,.,1,.,22,1,4,4
2008,GCD,65,C,2,15,15,1,0,69,.,14,.,1,.,30,1,.,2
2008,GCD,66,R,2,15,25,1,0,59,.,11,.,0,.,.,.,.,.
2008,GCD,67,C,1,30,15,1,0,54,.,11,.,0,.,.,.,.,.
2008,GCD,68,R,9,40,5,1,0,54,.,7,.,0,.,.,.,.,.
2008,GCD,69,C,2,15,10,1,0,74,.,12,.,1,.,30,1,5,5
2008,GCD,70,R,1,10,25,1,0,64,.,9,.,0,.,.,.,.,.
2008,GCD,71,C,8,10,60,5,0,25,.,13,.,1,.,32,1,6,3
2008,GCD,72,R,2,5,5,1,0,90,.,11,.,1,.,22,1,3,1
2008,GCD,73,C,8,5,15,5,0,75,.,14,.,1,.,28,1,6,2
2008,GCD,74,R,15,5,15,5,0,78,.,11,.,0,.,.,.,.,.
2008,GCD,75,C,10,5,20,5,0,70,.,13,.,1,.,35,1,4,4
2008,GCD,76,R,24,10,10,5,0,75,.,14,.,1,.,37,1,7,2
2008,GCD,77,C,30,10,15,5,0,70,.,15,.,1,.,44,1,.,5
2008,GCD,78,R,29,25,5,5,0,65,.,13,.,0,.,.,.,.,.
2008,GCD,79,C,17,15,5,1,0,79,.,7,.,1,.,31,1,4,6
2008,GCD,80,R,10,10,10,1,0,89,.,10,.,1,.,30,1,10,8
2008,GRE,1,C,4,10,30,5,25,30,.,10,.,1,.,43,1,4,3
2008,GRE,2,R,10,20,50,5,0,25,15.7,10,.,0,.,.,.,.,.
2008,GRE,3,C,17,20,30,5,10,35,.,16,.,0,.,.,.,.,.
2008,GRE,4,R,14,30,30,5,10,25,25.7,18,.,1,.,95,6,.,100
2008,GRE,5,C,15,40,30,5,0,25,.,12,.,0,.,.,.,.,.
2008,GRE,6,R,10,45,30,5,0,20,22.5,16,.,1,.,77,2,.,20
2008,GRE,7,C,28,40,10,5,0,45,.,10,.,0,.,.,.,.,.
2008,GRE,8,R,11,5,60,5,0,30,21.1,18,.,1,.,82,8,.,67
2008,GRE,9,C,17,0,70,5,0,30,.,16,.,1,.,87,3,.,20
2008,GRE,10,R,12,5,60,10,0,25,26,19,.,1,.,86,11,.,35
2008,GRE,11,C,15,5,65,5,0,25,.,17,.,1,.,89,5,.,31
2008,GRE,12,R,23,20,50,10,0,20,29.5,20,.,1,.,86,2,.,23
2008,GRE,13,C,5,5,70,5,0,20,.,14,.,1,.,80,3,31,21
2008,GRE,14,R,3,20,70,1,0,9,26.9,16,.,1,.,94,3,.,39
2008,GRE,15,C,6,0,40,10,0,50,.,15,.,1,.,84,3,20,15
2008,GRE,16,R,10,0,40,10,0,50,17.4,18,.,1,.,91,5,.,63
2008,GRE,17,C,2,20,0,5,10,65,.,19,.,1,.,103,10,.,112
2008,GRE,18,R,12,15,25,5,5,50,11.1,12,.,1,.,93,3,.,53
2008,GRE,19,C,12,10,25,10,0,55,.,16,.,1,.,110,2,.,26
2008,GRE,20,R,11,20,10,5,30,35,10.5,24,.,1,.,121,8,.,106
2008,GRE,21,C,74,30,30,10,0,30,.,17,.,0,.,.,.,.,.
2008,GRE,22,R,41,25,20,10,0,45,28.8,17,.,1,.,101,2,32,35
2008,GRE,23,C,1,20,50,1,10,19,.,18,.,0,.,.,.,.,.
2008,GRE,24,R,3,20,30,1,0,49,15.5,15,.,1,.,87,3,22,31
2008,GRE,25,C,19,40,20,5,0,35,.,11,.,1,.,68,1,8,5
2008,GRE,26,R,17,30,20,1,0,50,13.1,13,.,1,.,73,3,.,26
2008,GRE,27,C,13,10,30,1,0,59,.,13,.,1,.,66,1,.,17
2008,GRE,28,R,8,10,40,5,0,45,17.2,17,.,0,.,.,.,.,.
2008,GRE,29,C,70,30,15,15,0,40,.,15,.,1,.,63,11,.,6
2008,GRE,30,R,14,40,20,5,0,35,14.6,13,.,0,.,.,.,.,.
2008,GRE,31,C,50,30,25,5,0,50,.,13,.,1,.,56,1,.,2
2008,GRE,32,R,45,30,25,5,0,40,20,16,.,1,.,72,1,12,10
2008,GRE,33,C,24,10,60,5,0,25,.,19,.,0,.,.,.,.,.
2008,GRE,34,R,31,25,30,5,0,40,19.8,14,.,1,.,75,2,.,23
2008,GRE,35,C,12,15,30,5,0,50,.,13,.,1,.,92,4,.,41
2008,GRE,36,R,37,5,45,5,0,45,17.7,14,.,1,.,70,1,.,9
2008,GRE,37,C,16,20,10,5,0,65,.,14,.,1,.,87,1,16,20
2008,GRE,38,R,8,50,10,1,0,39,14.6,16,.,1,.,93,1,.,18
2008,GRE,39,C,2,5,60,1,0,34,.,13,.,0,.,.,.,.,.
2008,GRE,40,R,2,20,45,1,0,34,18.7,18,.,.,.,.,.,.,.
2008,GRE,41,C,10,20,40,10,0,30,.,20,.,1,.,79,1,.,14
2008,GRE,42,R,9,30,10,5,0,55,17.9,11,.,0,.,.,.,.,.
2008,GRE,43,C,16,30,15,5,0,50,.,17,.,1,.,85,1,.,27
2008,GRE,44,R,23,40,15,5,0,40,24.3,16,.,1,.,86,3,.,25
2008,GRE,45,C,14,20,20,5,0,55,.,14,.,1,.,69,1,.,9
2008,GRE,46,R,9,20,30,1,0,49,25.3,13,.,1,.,72,4,.,6
2008,GRE,47,C,18,35,20,5,0,40,.,11,.,1,.,60,1,12,3
2008,GRE,48,R,26,40,30,5,0,25,25.3,15,.,1,.,69,4,11,21
2008,GRE,49,C,14,40,20,1,0,39,.,13,.,1,.,81,1,9,19
2008,GRE,50,R,7,20,50,1,0,29,18.1,22,.,1,.,74,1,.,19
2008,GRE,51,C,12,35,15,5,0,45,.,23,.,1,.,81,1,.,16
2008,GRE,52,R,8,15,30,5,0,50,.,18,.,0,.,.,.,.,.
2008,GRE,53,C,2,30,30,1,0,39,.,21,.,1,.,82,2,.,35
2008,GRE,54,R,2,25,30,1,0,45,.,17,.,0,.,.,.,.,.
2008,GRE,55,C,1,40,20,1,0,39,.,16,.,1,.,73,1,7,15
2008,GRE,56,R,2,30,30,1,0,19,.,14,.,1,.,91,1,17,33
2008,GRE,57,C,6,35,20,1,0,44,.,13,.,1,.,93,5,.,56
2008,GRE,58,R,10,25,30,5,0,40,.,14,.,1,.,99,5,.,56
2008,GRE,59,C,12,30,20,1,0,49,.,16,.,0,.,.,.,.,.
2008,GRE,60,R,14,30,40,5,0,25,.,15,.,1,.,88,1,.,31
2008,GRE,61,C,9,25,45,1,0,29,.,17,.,0,.,.,.,.,.
2008,GRE,62,R,14,25,20,10,0,45,.,14,.,1,.,89,3,25,16
2008,GRE,63,C,18,35,25,5,0,35,.,16,.,1,.,78,2,.,24
2008,GRE,64,R,14,20,30,5,0,45,.,15,.,1,.,76,3,.,23
2008,GRE,65,C,7,30,30,5,0,35,.,15,.,1,.,74,1,.,10
2008,GRE,66,R,9,30,50,1,0,19,.,9,.,0,.,.,.,.,.
2008,GRE,67,C,5,5,45,5,0,45,.,12,.,1,.,51,4,23,10
2008,GRE,68,R,3,15,40,1,0,44,.,15,.,1,.,93,2,.,57
2008,GRE,69,C,3,30,10,5,10,45,.,21,.,1,.,104,5,.,93
2008,GRE,70,R,1,30,30,1,0,39,.,20,.,0,.,.,.,.,.
2008,GRE,71,C,17,30,40,5,0,25,.,16,.,1,.,82,1,.,18
2008,GRE,72,R,17,20,60,1,0,19,.,11,.,0,.,.,.,.,.
2008,GRE,73,C,54,20,50,5,0,25,.,17,.,1,.,63,1,.,7
2008,GRE,74,R,15,40,20,5,0,35,.,19,.,1,.,79,4,.,10
2008,GRE,75,C,14,10,40,5,0,45,.,12,.,1,.,68,1,.,16
2008,GRE,76,R,25,20,35,5,0,40,.,13,.,1,.,78,2,.,33
2008,GRE,77,C,59,30,20,20,0,30,.,13,.,0,.,.,.,.,.
2008,GRE,78,R,22,30,20,5,0,45,.,14,.,1,.,75,3,.,33
2008,GRE,79,C,19,59,10,10,0,30,.,14,.,1,.,87,1,16,33
2008,GRE,80,R,10,30,40,1,0,29,.,19,.,1,.,70,1,.,19
2008,KZA,1,C,10,35,15,5,0,45,.,20,.,1,.,95,5,.,51
2008,KZA,2,R,13,30,5,5,0,60,16.8,14,.,1,.,80,5,.,33
2008,KZA,3,C,49,5,15,25,0,45,.,16,.,1,.,80,2,.,9
2008,KZA,4,R,31,5,10,45,0,40,14.2,15,.,1,.,85,5,26,10
2008,KZA,5,C,30,20,20,20,0,40,.,18,.,1,.,85,3,28,36
2008,KZA,6,R,4,5,50,10,0,35,20,18,.,1,.,86,10,73,142
2008,KZA,7,C,2,25,65,1,0,9,.,22,.,.,.,.,.,.,.
2008,KZA,8,R,1,40,55,1,0,4,38,24,.,.,.,.,.,.,.
2008,KZA,9,C,4,10,10,80,0,0,.,15,.,1,.,61,1,.,11
2008,KZA,10,R,34,5,20,75,0,0,23.8,21,.,1,.,101,4,.,4
2008,KZA,11,C,29,45,30,20,0,5,.,18,.,1,.,83,2,.,5
2008,KZA,12,R,31,25,40,20,0,15,21.5,18,.,1,.,91,3,.,0
2008,KZA,13,C,6,20,15,5,0,60,.,19,.,1,.,138,5,.,81
2008,KZA,14,R,3,15,15,5,0,65,20.1,13,.,0,.,.,.,.,.
2008,KZA,15,C,4,5,80,15,0,0,.,35,.,.,.,.,.,.,.
2008,KZA,16,R,19,15,35,10,0,40,23.5,16,.,1,.,95,3,22,71
2008,KZA,17,C,16,20,15,10,0,55,.,12,.,1,.,72,2,.,14
2008,KZA,18,R,53,5,40,40,0,15,19.6,23,.,1,.,131,14,120,105
2008,KZA,19,C,44,10,30,40,0,20,.,23,.,1,.,98,2,.,12
2008,KZA,20,R,66,20,40,20,0,20,35.5,19,.,0,.,.,.,.,.
2008,KZA,21,C,19,5,45,5,0,45,.,14,.,1,.,80,1,.,12
2008,KZA,22,R,8,5,55,20,0,20,19.5,19,.,1,.,96,5,.,118
2008,KZA,23,C,1,5,75,1,0,19,.,29,.,1,.,91,5,41,72
2008,KZA,24,R,1,10,70,1,0,10,29.5,27,.,1,.,96,6,.,62
2008,KZA,25,C,2,10,55,10,0,25,.,33,.,1,.,131,8,.,147
2008,KZA,26,R,3,40,35,15,0,10,20.8,21,.,1,.,105,18,36,240
2008,KZA,27,C,7,20,15,25,0,40,.,23,.,1,.,109,3,.,34
2008,KZA,28,R,8,0,25,75,0,0,33.6,30,.,0,.,.,.,.,.
2008,KZA,29,C,23,15,15,30,0,40,.,22,.,1,.,125,2,9,29
2008,KZA,30,R,27,35,15,35,0,15,22.5,22,.,1,.,152,7,24,116
2008,KZA,31,C,18,5,65,20,10,0,.,15,.,0,.,.,.,.,.
2008,KZA,32,R,8,5,50,25,0,20,25,22,.,1,.,102,4,.,115
2008,KZA,33,C,5,5,60,15,0,20,.,25,.,1,.,111,6,45,63
2008,KZA,34,R,5,15,50,5,20,10,27.6,20,.,1,.,110,5,72,100
2008,KZA,35,C,5,20,5,5,0,70,.,12,.,1,.,103,2,9,27
2008,KZA,36,R,12,30,25,20,5,10,23.3,13,.,1,.,109,1,.,25
2008,KZA,37,C,3,30,50,5,0,15,.,18,.,1,.,92,4,15,37
2008,KZA,38,R,21,30,20,5,0,45,21.7,22,.,1,.,72,3,22,32
2008,KZA,39,C,16,10,35,10,0,45,.,22,.,1,.,87,1,.,10
2008,KZA,40,R,39,5,40,50,0,5,23.9,29,.,1,.,131,4,.,65
2008,KZA,41,C,8,25,35,5,0,35,.,20,.,1,.,113,3,.,55
2008,KZA,42,R,7,15,45,5,0,35,17.4,18,.,1,.,92,7,.,107
2008,KZA,43,C,10,10,70,10,0,10,.,28,.,1,.,112,6,.,65
2008,KZA,44,R,11,10,30,10,0,50,5.2,21,.,1,.,110,5,15,42
2008,KZA,45,C,19,5,0,5,0,90,.,11,.,1,.,36,3,.,4
2008,KZA,46,R,10,15,35,10,5,35,15.1,13,.,1,.,64,1,.,10
2008,KZA,47,C,2,20,15,15,10,45,.,27,.,1,.,114,7,.,82
2008,KZA,48,R,2,10,50,20,0,20,18,20,.,.,.,.,.,.,.
2008,KZA,49,C,1,20,15,10,0,45,.,14,.,1,.,98,2,.,55
2008,KZA,50,R,2,0,75,20,0,5,29.7,22,.,1,.,113,7,36,47
2008,KZA,51,C,1,15,70,10,0,5,.,23,.,.,.,.,.,.,.
2008,KZA,52,R,1,15,40,40,0,5,.,31,.,1,.,105,5,.,37
2008,KZA,53,C,1,25,15,30,0,30,.,22,.,1,.,78,2,11,17
2008,KZA,54,R,1,15,15,70,0,0,.,27,.,1,.,101,5,29,25
2008,KZA,55,C,1,20,35,25,25,0,.,31,.,.,.,.,.,.,.
2008,KZA,56,R,2,25,25,15,0,35,.,29,.,.,.,.,.,.,.
2008,KZA,57,C,4,45,0,5,5,45,.,18,.,1,.,65,2,28,23
2008,KZA,58,R,1,70,0,5,5,25,.,21,.,0,.,.,.,.,.
2008,KZA,59,C,1,5,90,1,0,4,.,30,.,.,.,.,.,.,.
2008,KZA,60,R,3,30,25,20,5,20,.,27,.,.,.,.,.,.,.
2008,KZA,61,C,1,45,30,25,0,0,.,19,.,1,.,80,1,.,2
2008,KZA,62,R,3,40,30,5,5,20,.,20,.,1,.,82,7,9,83
2008,KZA,63,C,2,10,10,5,0,75,.,13,.,1,.,39,1,.,8
2008,KZA,64,R,1,20,20,10,0,50,.,13,.,1,.,54,1,.,16
2008,KZA,65,C,3,20,20,5,0,55,.,11,.,1,.,46,1,.,0
2008,KZA,66,R,3,0,5,45,0,50,.,11,.,0,.,.,.,.,.
2008,KZA,67,C,4,45,10,5,5,35,.,21,.,1,.,103,.,107,112
2008,KZA,68,R,4,15,25,5,20,35,.,20,.,1,.,77,9,5,58
2008,KZA,69,C,15,10,75,5,5,5,.,23,.,1,.,73,2,.,10
2008,KZA,70,R,12,5,75,10,10,0,.,35,.,1,.,104,6,7,55
2008,KZA,71,C,6,15,65,5,10,5,.,30,.,1,.,112,4,46,66
2008,KZA,72,R,3,15,75,1,5,4,.,26,.,1,.,97,4,41,39
2008,KZA,73,C,1,10,45,5,0,40,.,20,.,1,.,91,12,91,111
2008,KZA,74,R,4,25,25,5,15,30,.,17,.,1,.,76,5,5,29
2008,KZA,75,C,4,30,20,5,25,20,.,22,.,1,.,76,3,.,20
2008,KZA,76,R,3,40,10,5,10,35,.,13,.,1,.,66,4,36,44
2008,KZA,77,C,1,15,80,1,0,4,.,25,.,1,.,89,3,.,27
2008,KZA,78,R,1,25,60,1,10,4,.,25,.,0,.,.,.,.,.
2008,KZA,79,C,1,15,55,1,20,10,.,28,.,1,.,88,9,.,71
2008,KZA,80,R,1,5,80,2,10,3,.,30,.,1,.,91,4,.,49
2008,TYSa,1,C,37,0,10,60,0,30,.,17,.,0,.,.,.,.,.
2008,TYSa,2,R,42,5,10,45,0,50,13.1,18,.,1,.,68,6,.,12
2008,TYSa,3,C,10,30,15,5,0,50,.,17,.,0,.,.,.,.,.
2008,TYSa,4,R,9,5,70,5,0,20,29.6,15,.,1,.,44,2,.,8
2008,TYSa,5,C,36,10,20,20,0,50,.,20,.,1,.,53,4,.,0
2008,TYSa,6,R,35,15,15,30,0,40,8.5,17,.,1,.,53,4,.,3
2008,TYSa,7,C,3,5,5,10,0,80,.,30,.,1,.,100,5,49,89
2008,TYSa,8,R,5,5,10,10,0,75,5,27,.,1,.,84,5,.,45
2008,TYSa,9,C,26,10,30,20,0,40,.,17,.,1,.,19,1,.,0
2008,TYSa,10,R,21,15,25,10,0,50,21.4,14,.,1,.,64,3,27,0
2008,TYSa,11,C,4,5,10,5,0,80,.,14,.,1,.,63,6,84,49
2008,TYSa,12,R,11,0,15,25,0,80,4.5,15,.,1,.,45,3,.,16
2008,TYSa,13,C,6,0,5,70,0,25,.,18,.,0,.,.,.,.,.
2008,TYSa,14,R,5,5,10,70,0,15,19.1,18,.,0,.,.,.,.,.
2008,TYSa,15,C,2,20,10,5,0,65,.,15,.,0,.,.,.,.,.
2008,TYSa,16,R,19,5,5,10,0,80,11.8,11,.,1,.,42,1,.,5
2008,TYSa,17,C,17,5,5,10,0,80,.,15,.,1,.,.,1,4,1
2008,TYSa,18,R,52,0,5,45,0,50,8.7,16,.,1,.,20,1,0,0
2008,TYSa,19,C,104,0,5,80,0,15,.,22,.,1,.,43,1,10,3
2008,TYSa,20,R,121,0,10,75,0,15,19.2,11,.,1,.,32,1,11,2
2008,TYSa,21,C,17,0,30,25,0,45,.,31,.,1,.,74,.,30,21
2008,TYSa,22,R,13,5,15,70,0,10,30.6,19,.,1,.,62,3,28,7
2008,TYSa,23,C,5,5,10,85,0,0,.,28,.,1,.,75,2,22,8
2008,TYSa,24,R,11,5,5,90,0,0,23.1,34,.,1,.,90,6,.,85
2008,TYSa,25,C,17,0,50,40,0,10,.,36,.,1,.,96,5,.,71
2008,TYSa,26,R,28,5,15,5,0,75,5.9,10,.,1,.,47,1,.,20
2008,TYSa,27,C,19,5,40,5,0,50,.,14,.,0,.,.,.,.,.
2008,TYSa,28,R,6,0,55,5,0,40,10.3,21,.,1,.,83,9,110,104
2008,TYSa,29,C,6,0,80,15,0,5,.,27,.,1,.,75,8,55,65
2008,TYSa,30,R,21,0,50,35,0,15,35.2,25,.,1,.,78,4,.,30
2008,TYSa,31,C,6,0,20,30,5,45,.,27,.,1,.,97,5,.,52
2008,TYSa,32,R,11,0,75,5,0,20,36.2,32,.,1,.,85,2,.,26
2008,TYSa,33,C,37,0,45,20,0,45,.,11,.,1,.,37,1,8,0
2008,TYSa,34,R,5,5,65,10,0,20,29.6,26,.,1,.,83,8,41,25
2008,TYSa,35,C,6,5,10,5,0,80,.,21,.,1,.,60,7,.,65
2008,TYSa,36,R,13,5,15,5,0,75,3.6,18,.,1,.,64,6,.,21
2008,TYSa,37,C,43,0,20,25,0,55,.,27,.,1,.,67,5,.,10
2008,TYSa,38,R,33,5,20,15,0,60,6.1,16,.,1,.,53,9,.,44
2008,TYSa,39,C,32,0,35,10,0,65,.,18,.,1,.,72,1,.,10
2008,TYSa,40,R,21,5,55,10,0,30,36.8,31,.,1,.,86,.,47,30
2008,TYSa,41,C,8,0,40,5,0,55,.,20,.,1,.,82,3,.,22
2008,TYSa,42,R,6,10,30,10,0,50,13.5,17,.,1,.,77,20,.,233
2008,TYSa,43,C,31,5,35,15,0,45,.,27,.,1,.,110,2,.,63
2008,TYSa,44,R,8,0,65,5,0,30,22.2,21,.,1,.,82,3,.,60
2008,TYSa,45,C,14,5,45,5,0,45,.,28,.,1,.,73,2,.,32
2008,TYSa,46,R,5,15,20,5,0,60,19.5,22,.,1,.,99,8,106,44
2008,TYSa,47,C,38,5,30,35,0,30,.,15,.,0,.,.,.,.,.
2008,TYSa,48,R,8,25,20,15,0,40,12.7,22,.,1,.,85,6,98,78
2008,TYSa,49,C,9,10,65,5,0,20,.,28,.,1,.,104,5,75,48
2008,TYSa,50,R,19,15,5,25,0,55,9.4,17,.,0,.,.,.,.,.
2008,TYSa,51,C,3,25,10,5,0,60,.,17,.,1,.,60,2,.,15
2008,TYSa,52,R,16,15,10,5,0,70,.,27,.,1,.,73,14,.,126
2008,TYSa,53,C,29,10,20,25,0,45,.,26,.,1,.,84,3,.,19
2008,TYSa,54,R,42,10,20,25,0,45,.,26,.,1,.,73,7,.,21
2008,TYSa,55,C,7,10,35,5,0,50,.,13,.,1,.,76,2,.,58
2008,TYSa,56,R,12,0,45,5,0,50,.,21,.,1,.,94,10,87,69
2008,TYSa,57,C,11,5,5,5,0,85,.,16,.,1,.,71,11,.,72
2008,TYSa,58,R,15,0,30,10,0,60,.,16,.,1,.,50,4,.,0
2008,TYSa,59,C,3,0,75,1,0,24,.,36,.,1,.,93,8,.,65
2008,TYSa,60,R,10,0,50,10,0,40,.,29,.,1,.,86,10,.,234
2008,TYSa,61,C,15,0,55,5,0,45,.,26,.,1,.,75,8,.,61
2008,TYSa,62,R,36,5,45,45,0,5,.,25,.,1,.,89,5,.,35
2008,TYSa,63,C,32,0,20,40,0,40,.,15,.,0,.,.,.,.,.
2008,TYSa,64,R,12,5,35,20,0,40,.,35,.,1,.,67,7,.,71
2008,TYSa,65,C,9,0,40,10,0,50,.,22,.,1,.,73,10,89,77
2008,TYSa,66,R,10,5,60,10,0,25,.,19,.,0,.,.,.,.,.
2008,TYSa,67,C,3,10,60,20,0,10,.,19,.,1,.,79,3,.,40
2008,TYSa,68,R,2,5,60,15,0,20,.,22,.,1,.,84,.,.,135
2008,TYSa,69,C,12,0,75,15,0,10,.,28,.,1,.,92,3,38,35
2008,TYSa,70,R,28,5,60,15,0,20,.,21,.,1,.,.,5,40,34
2008,TYSa,71,C,2,10,45,15,0,30,.,24,.,1,.,68,8,57,0
2008,TYSa,72,R,3,0,25,45,0,30,.,26,.,1,.,.,6,.,93
2008,TYSa,73,C,3,0,25,40,0,35,.,26,.,1,.,54,3,.,0
2008,TYSa,74,R,38,10,5,60,0,25,.,21,.,1,.,.,.,.,25
2008,TYSa,75,C,2,0,10,5,5,80,.,21,.,1,.,53,7,.,35
2008,TYSa,76,R,2,10,20,5,0,65,.,17,.,1,.,58,10,.,43
2008,TYSa,77,C,9,5,65,5,0,25,.,17,.,1,.,36,1,10,0
2008,TYSa,78,R,39,5,15,60,0,20,.,14,.,1,.,22,1,0,0
2008,TYSa,79,C,33,20,20,40,0,20,.,24,.,1,.,50,1,.,1
2008,TYSa,80,R,30,0,80,15,0,5,.,25,.,1,.,.,2,.,.
2009,AFT,1,C,4,5,15,0,0,80,.,13,4,1,5,19.5,1,.,2
2009,AFT,2,R,3,5,20,0,0,75,.,10,4,1,4,22,1,.,2
2009,AFT,3,C,4,10,10,0,5,75,.,7,2,0,0,.,.,.,.
2009,AFT,4,R,2,0,20,0,15,65,.,11,4,0,0,.,.,.,.
2009,AFT,5,C,1,5,30,0,5,60,.,15,5,0,0,.,.,.,.
2009,AFT,6,R,2,5,40,0,5,50,.,18,5,1,1,31,1,.,4
2009,AFT,7,C,7,5,20,5,0,70,.,11,4,0,0,.,.,.,.
2009,AFT,8,R,6,5,15,0,10,70,.,15,3,0,0,.,.,.,.
2009,AFT,9,C,3,5,5,0,5,85,.,10,3,0,0,.,.,.,.
2009,AFT,10,R,1,0,25,0,5,70,.,16,3,1,4,23,1,.,3
2009,AFT,11,C,9,10,5,5,0,80,.,12,4,1,1,.,1,.,0
2009,AFT,12,R,6,5,5,0,5,85,.,11,2,1,5,25,1,.,2
2009,AFT,13,C,2,0,15,0,5,80,.,12,5,.,.,.,.,.,.
2009,AFT,14,R,5,0,20,0,5,75,.,14,5,1,4,22,1,.,2
2009,AFT,15,C,1,5,15,0,0,80,.,10,5,.,.,.,.,.,.
2009,AFT,16,R,7,0,10,5,0,85,.,9,2,1,4,24,1,.,2
2009,AFT,17,C,4,20,40,0,0,40,.,11,3,1,4,26,1,.,2
2009,AFT,18,R,3,10,40,0,0,50,.,12,4,1,4,26,1,.,4
2009,AFT,19,C,1,5,10,0,0,85,.,14,5,1,4,31,2,.,8
2009,AFT,20,R,1,0,20,0,0,80,.,9,4,0,0,.,.,.,.
2009,AFT,21,C,2,10,10,0,0,80,.,11,5,0,0,.,.,.,.
2009,AFT,22,R,1,10,10,0,0,80,.,7,2,.,.,.,.,.,.
2009,AFT,23,C,1,5,30,0,0,65,.,9,2,1,4,22,1,.,2
2009,AFT,24,R,2,10,15,0,5,70,.,5,4,1,5,15,1,.,1
2009,AFT,25,C,2,0,5,5,0,90,.,8,4,1,5,25.5,1,.,4
2009,AFT,26,R,3,5,15,0,0,80,.,9,4,.,.,.,.,.,.
2009,AFT,27,C,5,10,40,0,0,50,.,8,2,0,0,.,.,.,.
2009,AFT,28,R,2,15,10,0,0,75,.,9,4,.,.,.,.,.,.
2009,AFT,29,C,6,10,15,15,0,60,.,7,1,1,4,24,1,4,1
2009,AFT,30,R,1,15,15,0,0,70,.,9,2,.,.,.,.,.,.
2009,AFT,31,C,3,10,5,0,15,70,.,7,2,1,5,20,1,.,2
2009,AFT,32,R,1,5,30,0,0,65,.,8,2,.,.,.,.,.,.
2009,AFT,33,C,1,0,5,0,0,95,.,7,4,.,.,.,.,.,.
2009,AFT,34,R,1,0,15,0,0,85,.,9,4,.,.,.,.,.,.
2009,AFT,35,C,4,0,40,5,0,55,.,12,4,1,4,19,1,.,2
2009,AFT,36,R,3,0,40,0,5,55,.,12,4,.,.,.,.,.,.
2009,AFT,37,C,2,10,10,0,0,80,.,5,3,.,.,.,.,.,.
2009,AFT,38,R,6,10,5,5,5,75,.,15,5,1,4,27,1,6,4
2009,AFT,39,C,4,20,30,5,0,45,.,10,4,.,.,.,.,.,.
2009,AFT,40,R,1,5,30,0,5,60,.,12,3,.,.,.,.,.,.
2009,GCD,1,C,19,10,5,10,0,75,.,10,6,1,1,.,1,.,0
2009,GCD,2,R,8,.,.,.,.,.,.,11,4,0,0,.,.,.,.
2009,GCD,3,C,6,5,10,5,0,80,.,8,5,1,4,34,3,.,13
2009,GCD,4,R,3,5,15,0,0,80,.,9,4,1,3,45,4,18,19
2009,GCD,5,C,7,10,10,5,0,75,.,11,5,1,4,40,5,.,37
2009,GCD,6,R,7,10,15,5,70,0,.,10,5,1,4,32,6,.,35
2009,GCD,7,C,3,5,15,0,0,80,.,12,5,1,4,23,3,.,5
2009,GCD,8,R,4,5,15,5,0,75,.,8,4,1,4,36,2,.,19
2009,GCD,9,C,5,35,10,5,0,50,.,16,6,1,4,46,4,17,32
2009,GCD,10,R,9,25,10,5,0,60,.,13,5,1,4,.,4,.,22
2009,GCD,11,C,4,15,15,0,20,50,.,15,4,1,4,.,2,.,8
2009,GCD,12,R,5,15,20,5,0,60,.,14,6,1,4,41,6,44,41
2009,GCD,13,C,2,5,15,5,0,75,.,11,5,1,4,51,4,22,31
2009,GCD,14,R,1,5,15,5,0,75,.,13,5,1,4,46,7,49,34
2009,GCD,15,C,1,10,15,0,0,75,.,11,4,1,4,58,7,58,91
2009,GCD,16,R,1,25,20,5,0,50,.,11,5,1,4,38,3,12,18
2009,GCD,17,C,1,20,10,0,40,30,.,12,6,1,4,50,4,43,30
2009,GCD,18,R,1,20,20,0,30,30,.,12,6,1,4,45.5,5,41,47
2009,GCD,19,C,3,20,20,5,15,40,.,8,4,1,4,39,4,30,38
2009,GCD,20,R,1,30,10,0,0,60,.,10,5,1,4,46,5,34,25
2009,GCD,21,C,4,15,15,0,0,70,.,10,5,1,4,52,3,30,38
2009,GCD,22,R,7,20,10,0,0,70,.,9,6,1,4,38.5,3,19,23
2009,GCD,23,C,6,30,20,5,0,45,.,11,5,1,4,43,4,25,30
2009,GCD,24,R,5,10,10,5,0,75,.,10,6,1,4,40.5,6,22,63
2009,GCD,25,C,5,10,5,5,0,80,.,8,6,1,4,51,8,.,69
2009,GCD,26,R,1,10,5,0,0,85,.,8,6,1,4,52,7,19,70
2009,GCD,27,C,2,10,30,0,10,50,.,10,6,1,4,43,4,.,21
2009,GCD,28,R,2,15,5,0,20,60,.,12,7,1,4,36,7,30,57
2009,GCD,29,C,1,10,30,0,20,40,.,8,6,1,4,48,2,17,24
2009,GCD,30,R,2,10,25,0,20,45,.,8,5,.,.,.,.,.,.
2009,GCD,31,C,1,5,20,0,0,75,.,13,6,1,4,37,2,.,13
2009,GCD,32,R,3,5,40,0,0,55,.,11,5,1,4,39,6,.,25
2009,GCD,33,C,8,5,40,5,0,50,.,17,7,1,5,36,2,.,13
2009,GCD,34,R,6,20,50,0,0,30,.,12,5,0,0,.,.,.,.
2009,GCD,35,C,2,20,5,0,0,75,.,16,5,.,.,.,.,.,.
2009,GCD,36,R,4,30,10,5,0,55,.,19,7,.,.,.,.,.,.
2009,GCD,37,C,9,15,20,5,0,60,.,13,7,1,5,44,1,.,13
2009,GCD,38,R,2,10,20,0,0,70,.,16,5,1,4,38.5,3,10,14
2009,GCD,39,C,2,15,15,0,0,70,.,16,7,1,4,50,6,.,35
2009,GCD,40,R,3,5,30,5,0,60,.,19,6,1,4,54,4,17,27
2009,GCD,41,C,13,30,10,10,0,50,.,11,5,1,4,16,1,.,1
2009,GCD,42,R,22,30,10,20,0,40,.,12,5,1,4,35,1,8,10
2009,GCD,43,C,13,10,30,10,0,50,.,14,5,1,4,45,1,9,11
2009,GCD,44,R,2,20,30,0,0,50,.,11,5,1,4,45,4,27,23
2009,GCD,45,C,3,20,40,5,0,35,.,16,5,1,4,35,1,.,4
2009,GCD,46,R,4,10,25,5,0,60,.,15,6,1,4,53.5,2,12,26
2009,GCD,47,C,1,15,10,0,0,75,.,13,7,1,4,.,3,.,3
2009,GCD,48,R,12,10,0,5,0,85,.,10,6,0,0,.,.,.,.
2009,GCD,49,C,8,15,20,5,0,60,.,14,5,1,4,40,1,.,4
2009,GCD,50,R,2,10,70,0,0,20,.,15,6,1,5,47,3,.,33
2009,GCD,51,C,4,5,30,0,5,60,.,11,4,1,5,37,1,.,10
2009,GCD,52,R,15,30,20,5,0,45,.,13,6,1,4,40,3,.,32
2009,GCD,53,C,2,30,10,0,20,40,.,16,6,1,4,44.5,2,11,19
2009,GCD,54,R,2,15,40,0,0,45,.,11,4,0,0,.,.,.,.
2009,GCD,55,C,5,5,15,5,0,75,.,13,5,1,4,46,3,.,28
2009,GCD,56,R,5,10,20,5,0,65,.,11,5,1,5,34,2,.,10
2009,GCD,57,C,2,10,15,0,0,75,.,10,5,1,4,44,2,16,20
2009,GCD,58,R,3,15,25,5,0,55,.,11,4,0,0,.,.,.,.
2009,GCD,59,C,4,15,10,5,20,50,.,17,6,1,4,53,2,10,19
2009,GCD,60,R,5,20,20,5,0,55,.,16,6,1,4,43,4,.,25
2009,GRE,1,C,19,5,80,5,10,0,.,7,2,1,3,46.5,1,11,6
2009,GRE,2,R,25,0,55,10,30,5,.,10,2,0,0,.,.,.,.
2009,GRE,3,C,13,15,55,0,25,5,.,15,3,1,4,61,1,.,7
2009,GRE,4,R,14,30,40,0,20,10,.,14,3,1,3,.,1,.,0
2009,GRE,5,C,48,0,70,10,0,20,.,15,4,1,3,72,2,24,18
2009,GRE,6,R,44,10,70,10,0,10,.,16,4,1,4,66,7,59,43
2009,GRE,7,C,36,5,60,15,0,20,.,25,5,0,0,.,.,.,.
2009,GRE,8,R,26,30,60,5,0,5,.,16,4,0,0,.,.,.,.
2009,GRE,9,C,22,20,60,0,20,0,.,16,3,0,0,.,.,.,.
2009,GRE,10,R,7,5,80,0,0,15,.,17,3,1,3,67.5,2,26,18
2009,GRE,11,C,31,15,70,5,0,10,.,13,4,0,0,.,.,.,.
2009,GRE,12,R,33,30,50,5,0,15,.,18,4,0,0,.,.,.,.
2009,GRE,13,C,33,0,90,5,0,5,.,15,3,1,3,55.5,1,15,7
2009,GRE,14,R,10,40,50,5,0,5,.,17,4,0,0,.,.,.,.
2009,GRE,15,C,54,5,10,40,5,40,.,19,5,0,0,.,.,.,.
2009,GRE,16,R,10,10,60,5,0,25,.,19,4,0,0,.,.,.,.
2009,GRE,17,C,25,30,55,5,0,10,.,22,5,1,4,70.5,1,11,12
2009,GRE,18,R,24,30,40,5,0,25,.,11,3,0,0,.,.,.,.
2009,GRE,19,C,16,50,40,5,0,5,.,22,4,0,0,.,.,.,.
2009,GRE,20,R,12,5,60,5,0,30,.,12,3,0,0,.,.,.,.
2009,GRE,21,C,23,70,10,5,0,15,.,17,4,0,0,.,.,.,.
2009,GRE,22,R,57,20,50,5,0,25,.,13,4,0,0,.,.,.,.
2009,GRE,23,C,26,10,70,5,0,15,.,14,3,0,0,.,.,.,.
2009,GRE,24,R,36,15,40,5,0,40,.,8,3,1,3,27.5,1,10,2
2009,GRE,25,C,25,5,70,5,0,20,.,15,4,1,4,60.5,1,11,13
2009,GRE,26,R,26,25,50,5,0,20,.,16,4,0,0,.,.,.,.
2009,GRE,27,C,24,20,50,10,0,20,.,10,4,1,3,49,1,5,3
2009,GRE,28,R,52,0,75,5,0,20,.,13,4,1,3,55,1,13,16
2009,GRE,29,C,14,10,70,0,0,20,.,11,3,0,0,.,.,.,.
2009,GRE,30,R,45,20,60,5,0,15,.,11,4,0,0,.,.,.,.
2009,GRE,31,C,39,20,60,5,0,15,.,19,4,1,3,28,1,2,1
2009,GRE,32,R,37,15,60,5,0,20,.,6,3,1,3,52.5,1,12,4
2009,GRE,33,C,53,20,50,5,0,25,.,9,3,1,3,42.5,1,6,2
2009,GRE,34,R,44,15,60,5,0,20,.,13,4,0,0,.,.,.,.
2009,GRE,35,C,31,40,40,5,0,15,.,13,4,1,3,58,1,9,4
2009,GRE,36,R,38,15,80,0,0,5,.,14,3,1,3,59,3,30,18
2009,GRE,37,C,48,40,50,5,0,5,.,18,4,1,3,57.5,1,7,3
2009,GRE,38,R,28,40,30,5,0,25,.,14,4,1,3,82.5,4,39,28
2009,GRE,39,C,31,30,50,0,0,20,.,12,3,0,0,.,.,.,.
2009,GRE,40,R,5,70,10,0,0,20,.,20,4,0,0,.,.,.,.
2009,GRE,41,C,11,15,50,0,0,35,.,11,3,0,0,.,.,.,.
2009,GRE,42,R,23,30,40,0,0,30,.,12,3,0,0,.,.,.,.
2009,GRE,43,C,43,50,30,5,0,15,.,12,3,1,3,53,1,9,2
2009,GRE,44,R,20,50,40,0,10,0,.,14,5,0,0,.,.,.,.
2009,GRE,45,C,15,20,50,0,0,30,.,17,5,0,0,.,.,.,.
2009,GRE,46,R,28,40,35,5,0,20,.,15,5,0,0,.,.,.,.
2009,GRE,47,C,10,30,60,5,0,5,.,19,5,0,0,.,.,.,.
2009,GRE,48,R,26,10,50,5,0,35,.,.,.,1,3,50,1,11,8
2009,GRE,49,C,14,20,60,5,0,15,.,16,5,0,0,.,.,.,.
2009,GRE,50,R,18,40,40,0,0,20,.,16,6,0,0,.,.,.,.
2009,GRE,51,C,24,15,40,5,0,40,.,16,6,1,4,51,3,5,17
2009,GRE,52,R,22,30,40,5,0,25,.,11,5,0,0,.,.,.,.
2009,GRE,53,C,25,30,60,5,0,5,.,16,4,0,0,.,.,.,.
2009,GRE,54,R,29,60,20,5,0,15,.,15,5,0,0,.,.,.,.
2009,GRE,55,C,19,40,40,5,0,15,.,16,4,0,0,.,.,.,.
2009,GRE,56,R,23,25,50,5,0,20,.,10,3,0,0,.,.,.,.
2009,GRE,57,C,11,50,35,5,5,5,.,21,5,0,0,.,.,.,.
2009,GRE,58,R,12,70,15,5,0,10,.,16,4,0,0,.,.,.,.
2009,GRE,59,C,17,30,40,5,0,25,.,15,4,1,3,80.5,1,19,21
2009,GRE,60,R,8,40,20,5,0,35,.,18,5,1,3,68,5,46,47
2009,CRA,1,C,45,50,30,0,0,20,.,15,4,1,5,97,3,.,33
2009,CRA,2,R,121,60,30,10,0,0,.,10,2,1,5,95,1,.,23
2009,CRA,3,C,187,.,.,.,.,.,.,16,4,.,.,.,.,.,.
2009,CRA,4,R,118,15,70,10,0,5,.,14,3,0,0,.,.,.,.
2009,CRA,5,C,206,30,30,30,0,10,.,11,3,1,1,56,1,1,0
2009,CRA,6,R,76,25,15,10,0,50,.,8,3,0,0,.,.,.,.
2009,CRA,7,C,178,15,75,5,0,5,.,13,3,1,5,62,1,.,1
2009,CRA,8,R,112,30,50,10,0,10,.,12,4,1,5,84,2,.,10
2009,CRA,9,C,134,40,40,10,0,10,.,13,4,1,5,101,1,.,8
2009,CRA,10,R,68,30,30,10,0,30,.,13,3,1,5,125,1,.,23
2009,CRA,11,C,154,50,30,10,0,10,.,17,3,1,4,76,1,.,4
2009,CRA,12,R,160,40,10,20,0,30,.,17,4,1,5,111,1,.,19
2009,CRA,13,C,111,.,.,.,.,.,.,11,3,1,5,71,1,.,2
2009,CRA,14,R,109,30,40,10,0,20,.,.,.,1,5,114,3,.,26
2009,CRA,15,C,114,50,30,10,0,10,.,20,3,1,5,102,1,.,13
2009,CRA,16,R,159,10,80,10,0,0,.,21,3,1,5,.,.,.,.
2009,CRA,17,C,228,0,90,10,0,0,.,16,3,.,.,.,.,.,.
2009,CRA,18,R,162,25,70,0,0,5,.,13,4,1,4,87,1,.,5
2009,CRA,19,C,141,10,80,10,0,0,.,16,3,.,.,.,.,.,.
2009,CRA,20,R,149,40,20,30,0,10,.,13,3,0,0,.,.,.,.
2009,CRA,21,C,92,60,15,5,0,20,.,18,4,1,5,93,1,.,5
2009,CRA,22,R,90,30,50,10,0,10,.,20,4,0,0,.,.,.,.
2009,CRA,23,C,143,20,20,40,0,20,.,14,4,1,5,75,1,.,0
2009,CRA,24,R,210,30,20,40,0,10,.,10,3,1,5,89,1,.,6
2009,CRA,25,C,238,30,50,20,0,0,.,16,4,0,0,.,.,.,.
2009,CRA,26,R,134,20,70,10,0,0,.,13,3,0,0,.,.,.,.
2009,CRA,27,C,75,70,20,5,0,5,.,16,2,.,.,.,.,.,.
2009,CRA,28,R,126,80,5,10,0,5,.,14,3,1,4,96,1,0,4
2009,CRA,29,C,173,40,40,10,0,10,.,18,3,1,5,73,1,.,1
2009,CRA,30,R,180,5,80,10,0,5,.,16,3,1,5,89,1,0,6
2009,CRA,31,C,27,0,80,0,0,20,.,19,3,.,.,.,.,.,.
2009,CRA,32,R,31,0,90,0,0,10,.,21,4,.,.,.,.,.,.
2009,CRA,33,C,27,30,60,0,0,10,.,19,4,.,.,.,.,.,.
2009,CRA,34,R,27,30,60,0,0,10,.,19,4,.,.,.,.,.,.
2009,CRA,35,C,41,20,50,0,0,30,.,19,3,.,.,.,.,.,.
2009,CRA,36,R,49,15,70,0,0,15,.,16,3,.,.,.,.,.,.
2009,CRA,37,C,27,0,60,0,0,40,.,23,3,.,.,.,.,.,.
2009,CRA,38,R,60,10,40,0,0,50,.,17,2,0,0,.,.,.,.
2009,CRA,39,C,82,20,50,5,0,25,.,12,3,0,0,.,.,.,.
2009,CRA,40,R,21,0,80,0,0,20,.,18,3,1,5,69,1,.,10
2009,CRA,41,C,21,10,40,5,0,45,.,18,3,.,.,.,.,.,.
2009,CRA,42,R,26,5,40,0,0,55,.,13,3,.,.,.,.,.,.
2009,CRA,43,C,31,15,40,0,0,45,.,16,2,.,.,.,.,.,.
2009,CRA,44,R,34,15,50,0,0,35,.,15,3,.,.,.,.,.,.
2009,CRA,45,C,17,.,.,.,.,.,.,15,3,.,.,.,.,.,.
2009,CRA,46,R,19,70,20,0,0,10,.,17,2,1,5,74,1,.,12
2009,CRA,47,C,29,5,65,0,0,30,.,10,3,1,5,91,1,.,7
2009,CRA,48,R,10,0,60,0,0,40,.,14,3,1,5,89,1,.,12
2009,CRA,49,C,4,0,70,0,0,30,.,17,3,1,5,70,1,.,8
2009,CRA,50,R,8,0,80,0,0,20,.,15,3,1,5,82,3,.,18
2009,CRA,51,C,40,0,90,0,0,10,.,17,4,1,5,78,1,.,2
2009,CRA,52,R,23,0,60,5,0,35,.,16,3,1,5,74,4,.,18
2009,CRA,53,C,17,0,80,5,0,15,.,15,4,1,5,71,2,.,2
2009,CRA,54,R,22,0,90,0,0,10,.,14,3,0,0,.,.,.,.
2009,CRA,55,C,23,5,90,0,0,5,.,14,3,0,0,.,.,.,.
2009,CRA,56,R,59,0,70,0,10,20,.,14,3,1,5,59,1,.,3
2009,CRA,57,C,37,0,100,0,0,0,.,19,3,1,5,89.5,1,.,8
2009,CRA,58,R,13,5,95,0,0,0,.,19,3,0,0,.,.,.,.
2009,CRA,59,C,20,5,95,0,0,0,.,14,3,1,5,69.5,2,.,8
2009,CRA,60,R,11,0,95,0,5,0,.,15,3,1,5,67,1,.,6
2009,CRA,61,C,11,0,95,0,5,0,.,17,3,.,.,.,.,.,.
2009,CRA,62,R,12,10,80,0,0,10,.,19,3,1,5,76,1,.,23
2009,CRA,63,C,41,10,75,5,0,10,.,20,3,1,5,92.5,1,.,13
2009,CRA,64,R,16,0,90,0,0,10,.,14,4,0,0,.,.,.,.
2009,CRA,65,C,14,0,80,5,10,5,.,21,3,0,0,.,.,.,.
2009,CRA,66,R,17,0,90,0,0,10,.,17,3,1,5,77,1,.,14
2009,CRA,67,C,11,0,95,0,0,5,.,17,3,1,5,84,1,.,12
2009,CRA,68,R,21,0,90,0,0,10,.,19,3,1,5,86,3,.,23
2009,CRA,69,C,26,10,90,0,0,0,.,19,3,.,.,.,.,.,.
2009,CRA,70,R,29,0,95,5,0,0,.,16,3,1,5,71,3,.,22
2009,TYSa,1,C,1,5,70,5,0,20,.,19,6,1,2,20,1,9,0
2009,TYSa,2,R,1,50,30,10,0,10,.,23,5,1,1,.,3,.,.
2009,TYSa,3,C,1,20,30,40,0,10,.,23,6,0,0,.,.,.,.
2009,TYSa,4,R,3,75,15,5,0,5,.,28,6,0,0,.,.,.,.
2009,TYSa,5,C,10,0,5,5,0,90,.,12,5,0,0,.,.,.,.
2009,TYSa,6,R,2,5,30,0,0,65,.,14,6,0,0,.,.,.,.
2009,TYSa,7,C,1,20,10,10,0,60,.,13,6,1,1,.,3,10,0
2009,TYSa,8,R,4,30,60,0,0,10,.,13,4,1,2,36.5,2,25,0
2009,TYSa,9,C,2,5,50,0,0,45,.,14,6,1,2,26,2,16,0
2009,TYSa,10,R,12,30,40,5,0,25,.,15,5,1,3,36,4,19,12
2009,TYSa,11,C,2,0,70,25,0,5,.,16,4,0,0,.,.,.,.
2009,TYSa,12,R,31,0,60,30,0,10,.,21,5,0,0,.,.,.,.
2009,TYSa,13,C,76,0,50,40,0,10,.,17,6,1,3,45.5,1,12,1
2009,TYSa,14,R,17,0,50,15,0,35,.,15,5,1,3,45,1,15,10
2009,TYSa,15,C,4,0,80,0,0,20,.,15,4,0,0,.,.,.,.
2009,TYSa,16,R,9,5,0,5,0,90,.,5,6,1,3,24,4,22,14
2009,TYSa,17,C,4,0,25,5,0,70,.,11,10,0,0,.,.,.,.
2009,TYSa,18,R,2,0,30,30,0,40,.,15,6,1,3,25,2,11,3
2009,TYSa,19,C,33,0,70,20,0,10,.,16,4,0,0,.,.,.,.
2009,TYSa,20,R,27,0,70,10,0,20,.,16,5,0,0,.,.,.,.
2009,TYSa,21,C,9,0,80,5,0,15,.,20,4,1,2,20,2,5,0
2009,TYSa,22,R,5,5,80,5,0,10,.,14,3,1,3,37,3,23,7
2009,TYSa,23,C,15,0,70,5,0,25,.,14,5,1,3,40.5,3,25,11
2009,TYSa,24,R,35,0,60,10,0,30,.,15,5,0,0,.,.,.,.
2009,TYSa,25,C,15,0,90,0,0,10,.,13,4,0,0,.,.,.,.
2009,TYSa,26,R,23,0,70,0,0,30,.,16,3,0,0,.,.,.,.
2009,TYSa,27,C,7,0,80,0,0,20,.,23,4,1,2,14,3,9,0
2009,TYSa,28,R,6,5,55,20,0,20,.,16,6,1,2,33,5,10,0
2009,TYSa,29,C,5,0,30,10,0,60,.,14,5,0,0,.,.,.,.
2009,TYSa,30,R,18,0,50,10,0,40,.,24,5,0,0,.,.,.,.
2009,TYSa,31,C,5,0,75,20,0,5,.,11,3,0,0,.,.,.,.
2009,TYSa,32,R,3,0,50,0,0,50,.,11,3,0,0,.,.,.,.
2009,TYSa,33,C,16,0,70,5,0,25,.,11,3,0,0,.,.,.,.
2009,TYSa,34,R,14,5,30,5,0,60,.,12,6,0,0,.,.,.,.
2009,TYSa,35,C,3,5,40,0,0,55,.,10,4,1,2,21,1,10,0
2009,TYSa,36,R,8,0,70,10,0,20,.,8,2,1,3,36,1,13,4
2009,TYSa,37,C,2,5,90,0,0,5,.,11,3,0,0,.,.,.,.
2009,TYSa,38,R,8,0,60,5,0,35,.,18,3,0,0,.,.,.,.
2009,TYSa,39,C,22,0,70,5,0,25,.,14,2,0,0,.,.,.,.
2009,TYSa,40,R,2,0,20,5,0,75,.,16,6,1,1,.,5,14,0
2009,TYSa,41,C,4,0,50,30,0,20,.,12,4,1,2,30,2,14,0
2009,TYSa,42,R,21,0,60,5,0,35,.,10,4,1,3,34.5,2,16,7
2009,TYSa,43,C,2,0,60,0,0,40,.,15,3,0,0,.,.,.,.
2009,TYSa,44,R,11,20,30,10,0,40,.,20,6,1,3,28,1,10,3
2009,TYSa,45,C,17,30,30,10,0,30,.,15,5,0,0,.,.,.,.
2009,TYSa,46,R,5,20,10,0,0,70,.,17,6,1,3,28,2,11,3
2009,TYSa,47,C,7,5,60,5,0,30,.,19,5,1,3,21,3,13,3
2009,TYSa,48,R,6,10,70,0,0,20,.,16,3,0,0,.,.,.,.
2009,TYSa,49,C,1,50,10,30,0,10,.,13,2,0,0,.,.,.,.
2009,TYSa,50,R,1,15,40,25,0,20,.,11,4,0,0,.,.,.,.
2009,KZA,1,C,1,15,80,0,0,5,.,22,4,1,5,48.1,1,.,8
2009,KZA,2,R,1,10,80,5,0,5,.,16,5,1,5,46.3,3,.,27
2009,KZA,3,C,2,10,80,5,0,5,.,16,5,.,.,.,.,.,.
2009,KZA,4,R,1,20,70,5,0,5,.,25,7,.,.,.,.,.,.
2009,KZA,5,C,2,50,40,5,0,5,.,26,7,1,5,66.9,7,.,45
2009,KZA,6,R,2,20,60,10,0,10,.,18,6,.,.,.,.,.,.
2009,KZA,7,C,1,15,75,5,0,5,.,30,7,1,5,42.5,5,.,22
2009,KZA,8,R,4,10,50,5,25,10,.,21,7,1,5,16.0,2,.,12
2009,KZA,9,C,1,10,80,0,0,10,.,21,7,1,5,.,.,.,.
2009,KZA,10,R,37,0,30,30,0,40,.,18,9,1,5,70.0,7,.,66
2009,KZA,11,C,4,15,40,40,0,5,.,14,6,1,5,70.0,1,.,27
2009,KZA,12,R,3,70,20,5,0,5,.,23,8,1,5,17.5,.,.,.
2009,KZA,13,C,7,0,50,50,0,0,.,23,5,.,.,.,.,.,.
2009,KZA,14,R,4,10,65,5,0,20,.,21,7,1,5,.,.,.,.
2009,KZA,15,C,19,20,30,30,0,20,.,14,7,1,5,.,.,.,.
2009,KZA,16,R,4,10,50,10,0,30,.,14,5,1,5,.,.,.,.
2009,KZA,17,C,10,5,20,10,0,65,.,16,8,1,5,.,.,.,.
2009,KZA,18,R,20,20,20,20,0,40,.,15,4,1,5,.,.,.,.
2009,KZA,19,C,5,5,75,10,0,10,.,24,8,1,5,.,.,.,.
2009,KZA,20,R,8,30,30,10,0,30,.,20,7,1,5,65.0,4,.,74
2009,KZA,21,C,4,10,60,10,0,20,.,20,8,.,.,.,.,.,.
2009,KZA,22,R,8,5,60,10,0,25,.,20,6,1,5,57.5,3,.,55
2009,KZA,23,C,4,10,20,40,0,30,.,20,7,1,5,70.0,3,.,48
2009,KZA,24,R,2,10,75,5,0,10,.,24,8,1,5,62.5,5,.,22
2009,KZA,25,C,1,0,90,5,0,5,.,21,5,1,4,11.9,.,.,.
2009,KZA,26,R,1,5,85,5,0,5,.,15,5,.,.,.,.,.,.
2009,KZA,27,C,1,0,40,10,0,50,.,16,8,1,4,.,.,.,.
2009,KZA,28,R,2,40,30,5,0,25,.,28,9,.,.,.,.,.,.
2009,KZA,29,C,2,10,10,5,30,45,.,18,7,.,.,.,.,.,.
2009,KZA,30,R,6,5,20,10,5,60,.,12,9,1,5,18.8,.,.,.
2009,KZA,31,C,5,5,40,10,5,40,.,15,7,1,5,37.5,1,.,6
2009,KZA,32,R,8,0,5,15,0,80,.,15,9,1,5,15.0,.,.,.
2009,KZA,33,C,4,0,75,5,5,15,.,16,5,1,5,53.8,1,.,6
2009,KZA,34,R,14,10,20,20,20,30,.,24,9,1,5,21.3,.,.,.
2009,KZA,35,C,9,5,35,20,5,35,.,18,7,1,5,62.5,1,.,14
2009,KZA,36,R,4,15,70,10,0,5,.,23,6,1,5,65.0,1,.,10
2009,KZA,37,C,5,40,40,10,0,10,.,14,5,.,.,.,.,.,.
2009,KZA,38,R,13,20,60,10,0,10,.,24,8,1,4,13.8,.,.,.
2009,KZA,39,C,3,20,40,10,0,30,.,20,6,1,4,13.8,.,.,.
2009,KZA,40,R,14,20,30,25,0,25,.,25,7,1,4,15.0,.,.,.
2009,KZA,41,C,7,5,70,10,10,5,.,36,6,1,5,60.0,4,.,20
2009,KZA,42,R,3,20,30,10,0,40,.,22,7,1,5,66.3,8,.,6
2009,KZA,43,C,45,15,60,10,15,0,.,17,6,.,.,.,.,.,.
2009,KZA,44,R,20,20,40,30,0,10,.,30,8,1,5,11.3,.,.,.
2009,KZA,45,C,26,15,50,20,0,15,.,23,6,1,5,95.0,1,.,21
2009,KZA,46,R,13,10,65,5,0,20,.,20,7,.,.,.,.,.,.
2009,KZA,47,C,21,5,75,10,0,10,.,27,8,1,5,20.0,.,.,.
2009,KZA,48,R,9,5,60,30,0,5,.,32,10,1,5,42.5,1,.,0
2009,KZA,49,C,5,30,15,20,0,35,.,13,5,1,5,50.0,1,.,3
2009,KZA,50,R,16,15,65,15,0,5,.,31,8,1,5,82.5,2,.,9
2009,KZA,51,C,22,15,60,10,0,15,.,24,8,.,.,.,.,.,.
2009,KZA,52,R,7,30,50,15,0,5,.,17,6,1,5,10.0,.,.,.
2009,KZA,53,C,63,10,30,30,0,30,.,23,7,1,5,73.8,1,.,15
2009,KZA,54,R,28,25,15,20,0,40,.,17,7,1,5,12.5,.,.,.
2009,KZA,55,C,20,40,30,10,0,20,.,13,5,1,5,7.5,.,.,.
2009,KZA,56,R,20,15,60,10,0,15,.,18,6,1,5,12.5,.,.,.
2009,KZA,57,C,13,15,60,5,0,20,.,24,7,1,5,11.3,.,.,.
2009,KZA,58,R,2,25,40,5,0,30,.,26,8,1,5,42.5,1,.,0
2009,KZA,59,C,9,20,40,15,0,25,.,25,5,1,5,18.8,.,.,.
2009,KZA,60,R,5,15,50,10,0,25,.,21,8,1,5,.,.,.,.
